Id,Insult
1,0.43446110625539885
2,0.9563284725261733
3,0.12589013637534413
4,0.06074605050808117
5,0.986008497903187
6,0.4999937601876465
7,0.9978757047823766
8,0.48478072985649484
9,0.7117056241672547
10,0.6746525487531518
11,0.061340804270116754
12,0.969037970543839
13,0.12576797864942035
14,0.6774853723997161
15,0.9995432892875881
16,0.6837288127118972
17,0.3248988286175407
18,0.9376758284888724
19,0.8326753205833405
20,0.3641842111672373
21,0.800833319498365
22,0.881423136191664
23,0.9074914506525074
24,0.0008070556580157995
25,0.29801376947219343
26,0.9058798945293894
27,0.31882556019371733
28,0.25122863112566257
29,0.3471527707348805
30,0.3395110763846261
31,0.5672378502137363
32,0.2788321213815867
33,0.8164245809555146
34,0.35087193098231356
35,0.999688249956659
36,1.9883898557404457e-06
37,0.8502906550431784
38,0.9893848758043857
39,0.39578945764293244
40,0.7667314015129045
41,0.9970720401013521
42,8.510819191480056e-13
43,0.1420367291982318
44,0.1668756752410884
45,0.7608575352128697
46,0.040036522850969314
47,0.23805755119845717
48,0.5266537525893474
49,0.1691348430247918
50,0.003498937222122981
51,0.6103098858453888
52,0.39807513354442725
53,0.046896740928279
54,0.9054940852794559
55,0.004712180153514436
56,0.9965466315721597
57,0.9627991437817536
58,0.9564884379532208
59,0.27273266137584307
60,0.3491600101048124
61,0.42633402278919147
62,0.03204514703650887
63,0.28822124578569136
64,0.6954401795240521
65,0.8523008043128787
66,0.9936757238293121
67,0.1862227773051354
68,0.41893897382555234
69,0.7545776280009194
70,0.9999999590565105
71,0.8250764650088374
72,0.013489590462705408
73,0.012839438427714093
74,0.9688126208059373
75,0.9999870774550681
76,0.9768274321696535
77,0.848715790749586
78,0.7243314759434776
79,0.7109152281446927
80,0.39460411821125974
81,0.9898428936980531
82,0.3549519177097493
83,0.24362564260289712
84,0.2840392242955048
85,0.07748759997199375
86,0.3843087696206402
87,0.7625059812373842
88,0.5929444103021372
89,0.26007943867610567
90,0.5384413040456677
91,0.6068282889243856
92,0.7750775360935777
93,0.9435013129882928
94,0.9191898494089072
95,0.34485498520799734
96,0.20602718855099733
97,0.9982514667335288
98,0.7404838535435752
99,0.07589805678255741
100,0.3360518266402194
101,0.017601345224258266
102,0.9371918417229063
103,0.04883813991094401
104,0.3446217466704505
105,0.9399124255881032
106,0.9317210271170265
107,0.870738914217478
108,0.9179475851059911
109,0.9867391863197789
110,0.22120793543835598
111,0.38581339666425324
112,0.9179986814620926
113,0.7985582308105951
114,0.04260684670640828
115,0.6585027799552517
116,0.9945975153783082
117,0.3137430115572224
118,0.49941959283079057
119,0.980605043658003
120,0.5272135333512044
121,0.9400670782530471
122,0.12004559243784635
123,0.3878629744284075
124,0.5669433300656278
125,0.21377609070247533
126,0.23975089794124746
127,0.8727812473447222
128,0.7973343292170988
129,0.39866071215004156
130,0.7066969062197743
131,0.1813170064578421
132,0.4447934990627551
133,0.5464187263032662
134,0.7575335769933407
135,0.5847590889303493
136,0.2456637415900649
137,0.4326973756701192
138,0.9831447479790567
139,0.19914165590332808
140,0.9971900365577376
141,0.4349555950946207
142,0.9970269455977447
143,0.39844940181107014
144,0.3888646926846862
145,0.9604484614162555
146,0.1256817521964369
147,0.47993571102242216
148,0.9503140026268917
149,0.7597851581961256
150,0.8722384444557386
151,0.21584595190555336
152,0.6174717203291832
153,0.013362947048864173
154,0.7351079046147103
155,0.5051476811984691
156,0.18899244155013029
157,0.9973247608735646
158,0.6193187294375196
159,0.46688712866818954
160,0.9802602044138622
161,0.25761722351016264
162,0.13817355072068513
163,0.862884487249214
164,0.6331904800384094
165,0.970685420756394
166,0.8860754488979642
167,0.008493978762008152
168,0.9991697273695391
169,0.999908623274238
170,0.01332312943076253
171,0.7657506913202685
172,0.24959186189809712
173,0.38215546138815626
174,0.997644235502659
175,0.9073308174096248
176,0.9994284215665261
177,0.7012071189595073
178,0.5823825189765883
179,0.9618881559215688
180,0.9594210365751589
181,0.17059059199523965
182,0.015459326748358608
183,0.3358440767705238
184,0.23544350379448623
185,0.7539785522390412
186,0.8602537384874256
187,0.3616973341533773
188,0.36770149766783805
189,0.996266124318359
190,0.7945603209590697
191,0.32918410859487446
192,0.9947605436215634
193,0.5187713729989653
194,2.645388473528456e-10
195,0.7391602305865792
196,0.9843349600229805
197,0.323546847394008
198,0.0012012915150707627
199,0.862024911326859
200,0.9731497124164133
201,0.9673306728614486
202,0.7800348776726092
203,0.8489439108207908
204,0.20139681692482805
205,0.9897274929048164
206,0.8997099818997498
207,0.11036464206515008
208,0.9895188385027658
209,0.09008919888818497
210,0.1106893588343073
211,0.30594833961001017
212,0.8737170706730778
213,0.8968366943232201
214,0.7902306208818172
215,0.9966001262351559
216,0.5498636649182856
217,0.9732217463543275
218,0.9743890663780302
219,0.5525789309833848
220,0.6930357810396082
221,0.2710533665288518
222,0.9606109390233545
223,0.9657397769076768
224,0.8470788841725716
225,0.9988979821701663
226,0.23892151877579335
227,0.0006060114347637954
228,0.3213251558659721
229,0.9133683385589504
230,0.09115716527814752
231,0.6210276872825239
232,0.2845192070671082
233,0.9407200125880848
234,0.17053777073339774
235,0.9953840242387649
236,0.21319713179183664
237,0.9822707487384895
238,0.9244104584320616
239,0.0005351523230455109
240,0.9793257236687133
241,0.025983018032396634
242,0.7726562065584506
243,0.9721577531407424
244,0.9828813138326814
245,0.8216695406135417
246,0.18013928862304002
247,0.8043391918008624
248,0.9219787524510047
249,0.8437222871769753
250,0.3402247701003951
251,0.9263842992275806
252,0.9998957954859249
253,0.4865573056687991
254,0.8142874678948875
255,0.00048722824498347776
256,0.4751835012024704
257,0.2128594139709041
258,0.27953219859220674
259,0.8471491022960029
260,0.5823825189765883
261,0.5043011209272629
262,0.003994910417277926
263,0.2170642401136062
264,1.2625422144703345e-06
265,1.8673556070364797e-08
266,0.02277637923906634
267,0.9325619792735778
268,0.9256473634439668
269,0.8939777975262881
270,0.9934760101509832
271,0.5059222965156552
272,0.19449534486004275
273,0.829264729028683
274,0.47934175187382155
275,0.01915561348486748
276,0.41565221594231433
277,0.43006224053075537
278,0.5554140740065828
279,0.9916339369478012
280,0.9999486584824306
281,0.00015809044970627395
282,0.9995944833362849
283,0.8255207180536753
284,0.00033297583176077506
285,0.29356195839282423
286,0.9236492942642275
287,0.8558826384850399
288,0.4657599165328162
289,0.8244445557746107
290,0.40385779177019526
291,0.9662574033501793
292,0.9736754377805963
293,0.7968065410468403
294,0.37025283521119534
295,0.39599523790201596
296,0.9888602386577312
297,0.421028836501512
298,0.9941171038072175
299,0.47361736273583666
300,0.8993937693768097
301,0.5564641961218144
302,0.03396443833728228
303,0.4372178223398213
304,0.0013103523311930718
305,0.6401515919063018
306,0.9171032985263763
307,0.9498025439762168
308,0.4545106491635196
309,0.9743436023019947
310,0.5044806143160456
311,0.009007181553964792
312,0.4539147876121176
313,0.3048503498453871
314,0.3691605023380599
315,0.99993262346888
316,0.5823825189765883
317,0.9994709698070022
318,0.2973756250504763
319,0.9866757012585192
320,0.940379071356828
321,0.9875006102301866
322,0.0021152945044073043
323,0.33922031559083066
324,0.5894258379971107
325,0.8450758923327059
326,0.8702329017864869
327,0.23432512015803064
328,0.9115978367017185
329,0.9999957221887125
330,0.9420587304843534
331,0.034597175959950204
332,0.09409871215447616
333,0.877294197967041
334,0.11634128434347639
335,0.5906952455030523
336,0.893951747345808
337,0.9999629990413025
338,0.805998731323944
339,0.8135896896182855
340,4.915171406854717e-06
341,0.9297820731085696
342,0.1371667880734255
343,0.7936687000351157
344,0.57996769931254
345,0.8173783549729692
346,0.9582580707188244
347,0.10311887001539813
348,0.7140566768972507
349,0.009057507698183082
350,0.5235574424560501
351,0.48256018871107303
352,0.04049397817659483
353,0.5869326539411508
354,0.16097468270510282
355,1.1384709868491427e-05
356,0.9999999548334709
357,0.008493240553562084
358,0.4011353987300783
359,0.30392180033105465
360,0.26111236102844887
361,0.5341514176458815
362,0.41551866975469737
363,0.28258214954033917
364,0.8570437126694763
365,0.25760414563027784
366,0.6104574102005703
367,0.8977889529519409
368,0.6520302628354682
369,0.7651055576495667
370,0.5113167146400333
371,0.6880794094324071
372,0.32354437150813364
373,0.136730432446216
374,0.8248029508453144
375,0.0004130737417340199
376,0.9862478458617987
377,0.0001454745827174062
378,0.48207545580950145
379,0.5322940297168903
380,0.4711284775098166
381,0.4764985014434056
382,0.9624244377132568
383,0.6942800571214133
384,0.1508545264439736
385,0.21153892798128646
386,0.9738205644925169
387,0.7176915122069668
388,0.999999474663379
389,0.19108055990834166
390,0.3122986130287617
391,0.9713548332262812
392,0.8532139067067253
393,0.1345853293798465
394,0.44936700444551525
395,0.31142322483038004
396,0.9644443852212824
397,0.0014547094283536184
398,6.509410271765048e-05
399,0.4288600853493096
400,0.33390855367674566
401,0.021848089023350715
402,3.556571115294076e-07
403,0.8093115734665318
404,0.09557348451016207
405,0.7555765990893273
406,0.9126798738219848
407,0.3127092754316341
408,0.04082251222559103
409,0.04080133138303329
410,0.895747653402355
411,0.5044197852811004
412,0.9894226341699536
413,0.9833543626393779
414,0.33195847686089647
415,0.9734566003808652
416,0.6224093782349389
417,0.6027743163380472
418,0.7804300681402799
419,0.7524542315784375
420,0.7449595289995489
421,0.9999992817517714
422,0.028672348159974832
423,0.933553352629536
424,0.8500849765402283
425,0.8974464383559949
426,0.6235257597657243
427,0.00904347989945738
428,0.30332385107271514
429,8.989304881962115e-11
430,0.9889043778968472
431,0.5836045441348479
432,0.6290386578683801
433,0.9319916726282423
434,0.535719939822642
435,0.579330180955965
436,0.010569999571541732
437,0.6828666355990276
438,0.5105214901275316
439,0.9946653223811556
440,0.11049760345772236
441,0.06380888227935003
442,0.8224113885993264
443,0.7924441325331063
444,2.2692324876771937e-05
445,0.6420872711668559
446,0.9996722711591179
447,0.5646208086686234
448,0.7725410577908987
449,0.9709123077576384
450,0.3745224062230411
451,0.3254716068233448
452,0.9301810059154013
453,0.0005535646810631088
454,5.468141430613555e-09
455,0.16601691234850907
456,0.9689954391774098
457,0.0006059808855702986
458,0.2764054669398267
459,0.9947594460125501
460,0.08490462389754799
461,0.02614213371149306
462,0.9452142787810378
463,0.18048397183505915
464,0.9936179138412939
465,0.4793807970915367
466,0.8473603225765809
467,0.9946512125153991
468,0.16136676760746443
469,0.8596414305964397
470,0.8700513759896398
471,0.9995075693232838
472,0.8402101811629459
473,0.16131457267393792
474,0.9919808595254267
475,0.9690524743276913
476,0.9576168357799439
477,0.4086260712869413
478,0.20251998701333473
479,0.5009845097319678
480,0.6488011881167662
481,0.29018871078090697
482,0.2630811194856459
483,0.3018145036092163
484,0.13927191699412822
485,0.23345846655144523
486,0.010304188524594443
487,0.9238233279561854
488,0.999550529925234
489,0.027465675029399922
490,0.5388962338322186
491,0.6946924647747874
492,0.8109163250478505
493,0.5007865637045118
494,0.7341794898818642
495,0.887663754073138
496,0.6469154321369539
497,0.6941664005607552
498,0.9853386425912295
499,0.4111277599767066
500,0.4483699124730209
501,0.08355594779094468
502,0.6891086788294533
503,0.6501747538646095
504,0.23244868530415455
505,0.23756938356879426
506,0.029044656512142438
507,0.9257820532149383
508,0.7476128084164025
509,0.7677606163718855
510,0.3242742642921645
511,0.9425488377606108
512,0.6708040050305065
513,0.8154674832780052
514,0.9639250973666661
515,0.859992472259589
516,0.8672276976239479
517,0.20219804007741662
518,1.9516427845968175e-05
519,0.22907936864860243
520,0.6168396236138545
521,0.7380373435885732
522,0.42501113152786335
523,0.8716716314875034
524,1.1212478204470098e-17
525,0.8183177222633298
526,0.8288342543531444
527,0.0036205303734844333
528,0.16559846239356488
529,0.00017165997294693187
530,0.0030830349179134173
531,0.9984381422802071
532,0.6119673023774876
533,0.5437737794030088
534,0.3889082094605607
535,0.8879596386878598
536,0.020653879741636197
537,0.40895822519966296
538,0.9498647511221985
539,0.9459384522985471
540,0.9911728677968431
541,0.59898400270461
542,0.34118665457968367
543,0.00034153939274826357
544,0.6821167299090378
545,0.9999992037012406
546,0.9999501970037279
547,0.24790088054505047
548,0.9421306841582215
549,0.46436672094087983
550,0.9644443852212824
551,0.9995851905584855
552,0.0013516140269670734
553,0.6603988609088476
554,0.4420119369251807
555,0.7807908649527558
556,0.9723339687156634
557,0.8282768521544854
558,0.49094761606032356
559,0.7579101638361007
560,0.12572152497952066
561,0.999905522692105
562,0.5144119496776255
563,0.08019043468663474
564,0.8896610458807738
565,0.8620774519126684
566,0.8159427703456119
567,0.9728516302755637
568,0.9712282781035073
569,0.9507060210244016
570,0.5112518614980792
571,0.7648011545322436
572,0.5871323009357594
573,0.43686872858121734
574,0.7929954099156087
575,3.954438910388925e-06
576,0.9858363712906058
577,0.8707699029293346
578,0.5979492550693633
579,0.942885797981127
580,0.7459173944340032
581,0.13942641343377887
582,0.8974739444950227
583,0.7922852159975635
584,0.9972096206992735
585,0.13586709865122873
586,0.02165646651632598
587,6.967103233491645e-06
588,0.9696323128545227
589,0.3538383345154709
590,0.11283275463590624
591,0.8827356642828748
592,0.4730926893644656
593,0.9635153437806254
594,0.9728769048854371
595,0.04021020683332973
596,0.06705407716540036
597,0.9996072552059598
598,0.9995504740130998
599,0.8531517111960291
600,0.41289666711788237
601,0.9999999869293675
602,0.11745791227822193
603,0.894214988468796
604,0.015338826829246156
605,0.999981394219391
606,0.9910303657371038
607,0.9985795536535347
608,0.6759481083351376
609,8.868600624213755e-09
610,0.3607349058382727
611,0.5823825189765883
612,0.33718529209428305
613,0.9291194878676211
614,0.9996318025568467
615,0.9531830107372355
616,0.6847299338267844
617,4.729134558499771e-06
618,0.9991634083651458
619,0.016860062305410272
620,0.33224481252774557
621,0.9961758023460063
622,0.6746227121622402
623,0.9206836790487477
624,0.9995372506703145
625,0.8596542160333861
626,0.42606205949385356
627,0.4667605768613256
628,0.9193484335485528
629,0.3467886400528624
630,0.9954364247077438
631,0.18952331254373073
632,0.538689171427585
633,0.9123192120191153
634,0.6854155080013341
635,0.019828376341636898
636,0.059382236008143914
637,0.9998108814705877
638,0.21012099282494032
639,0.8263885519205509
640,0.9998229934520687
641,0.7480724157106932
642,0.6390318050081467
643,0.9838647388038692
644,0.6941358093626097
645,0.8548987138680325
646,0.4150405424531966
647,0.7081404144684937
648,0.6979317673100769
649,0.39596165207325906
650,0.4770412311208873
651,0.9973312746215279
652,0.26293167416526353
653,0.694872481061528
654,0.6028689660572721
655,0.8946790437680112
656,0.45694746488249427
657,0.0009749802136346547
658,0.26420066373951134
659,0.9913828743241979
660,0.9138590593387885
661,0.7565990198670465
662,0.2552895023721631
663,0.2883895145532179
664,0.8759641108936708
665,1.5004129237895987e-09
666,0.6713712027738228
667,0.9503259074492524
668,0.3696468857945716
669,0.9994796194285663
670,0.6182725010298871
671,0.605269792742381
672,0.9997527379891048
673,0.05225453446252504
674,0.9545081716292906
675,0.8184142089902868
676,0.5125520747745737
677,0.00015193547178616264
678,0.6655770139451755
679,0.9998781336601583
680,0.21802091883278657
681,0.9181894474049863
682,0.0005098655235334372
683,0.9548697162848346
684,0.1257497352757851
685,0.6774271890307272
686,0.9878044140867193
687,0.061434201702132304
688,0.8806352597295045
689,0.9966778162259318
690,0.9978511816728296
691,0.8246107223895934
692,0.9800696909080931
693,0.2710494339849919
694,0.979512615278415
695,0.8274250325304738
696,0.683715873082314
697,0.20126072054131
698,0.40007156759790213
699,0.5975364910066737
700,0.9644443852212824
701,0.46445085444704975
702,0.9999110956569003
703,0.6566293465489372
704,0.7578428233523905
705,0.6413846846162202
706,0.916853028830367
707,0.3472163208196457
708,0.8276048483746309
709,0.9880066997356188
710,0.6996510249592921
711,0.9907711332026679
712,1.361661688748698e-07
713,0.248994378510079
714,0.716873344554916
715,0.8741785705509751
716,0.6967300052690066
717,0.01364379164403765
718,0.1233803053393419
719,0.9858469105271084
720,0.6572075319039903
721,0.8004648837769103
722,0.7990729293428224
723,0.9962316664752678
724,0.9999491487783484
725,0.9429299916272024
726,0.14703612193695892
727,0.045735208090352135
728,0.9910639799188645
729,0.29313675316274107
730,0.883455579318427
731,0.9938825601604896
732,0.23166788396562393
733,5.1640079101450935e-05
734,0.49525133560175705
735,0.00048498476609772767
736,0.9757024746325844
737,0.00101222606715589
738,0.6552639155658775
739,0.15136735475204485
740,0.8676291688564232
741,0.9999999516213917
742,0.2505549389202037
743,0.15900468363694842
744,9.757968234487101e-10
745,0.9811839240390786
746,0.9522398420123817
747,0.8645736134358536
748,0.4624151310813202
749,0.5364927250757177
750,0.9998664898197964
751,0.7163388931376539
752,0.9285599673570685
753,0.7647730679672333
754,0.5906952455030523
755,0.1708537060849997
756,0.3990381570838009
757,0.0014241892443810984
758,0.05486411687184226
759,0.9500434662191195
760,0.5113167146400333
761,0.011553227134832117
762,0.3578677873294636
763,0.08374128135000528
764,0.9051568755391699
765,0.5282947699231894
766,0.11004112941046056
767,0.2711466095800853
768,0.37143372291830645
769,0.09119678075230359
770,0.9963716658643709
771,0.9692315572846641
772,0.9532379756904829
773,0.9875520074598518
774,0.8591688505480144
775,0.8828671494313094
776,9.342139455004487e-12
777,0.8855318487091706
778,0.9999985945757075
779,0.31993829285838493
780,0.6931967835624363
781,0.09506159758789745
782,0.6945875744258928
783,0.22242912297378553
784,0.17301584821365834
785,0.00011254160837048705
786,0.7513488294588713
787,0.8045490151529265
788,0.40607086512633295
789,0.5484294786835978
790,0.8496805609628382
791,0.7422879156729945
792,0.10212957019220484
793,0.8832814460527414
794,0.5374957746419622
795,0.26299742879261995
796,0.42068319876342664
797,0.27006595575435577
798,0.23529801703917674
799,0.9931513771892035
800,0.11794976401333195
801,0.36043567511776636
802,0.24636956448122144
803,0.6789764730476964
804,0.990699062207537
805,0.9787322991036603
806,0.5105785472209162
807,0.0011321636680816035
808,0.6813291020993165
809,0.9758305560128524
810,0.39153866227736994
811,0.930717003848959
812,0.06982970011000206
813,0.6309117057643232
814,0.08203881725601418
815,0.24479015647124686
816,0.18291781319503705
817,0.3636666200026396
818,0.9976408335757219
819,0.020224641258926677
820,0.9995948907931238
821,0.0008691391687168694
822,0.1101248121258963
823,0.39578945764293244
824,0.02193694209860615
825,0.02115660326830138
826,0.9597961047088257
827,0.03998640686489108
828,0.31668141440289854
829,0.4916355711475573
830,0.636616660505171
831,0.9757939168320959
832,0.9558549569135135
833,0.6694904521043563
834,0.27258199123740307
835,0.4682743460251742
836,0.46622475960630333
837,5.224045821827384e-05
838,0.009444481131271169
839,0.29713358172935267
840,0.5990106396530789
841,0.6368915577087323
842,0.9644443852212824
843,0.6821297841867826
844,0.3589589624027828
845,0.0605757056243308
846,0.007567694014857052
847,0.6611356011415022
848,0.19238466632515214
849,0.7501200245417596
850,0.2548540233157783
851,0.8698806480399337
852,0.9614546422946965
853,0.18589874556099723
854,1.4476615140481886e-08
855,0.9996246399951283
856,2.3048249013790026e-08
857,0.2445017240303714
858,0.7890875584524765
859,0.8167105708360443
860,0.9716297909926336
861,0.9937946744826944
862,4.184080327626068e-05
863,0.44306761736187494
864,0.3061301917700672
865,0.9523289416969308
866,0.33952731032750383
867,0.8140502084557256
868,0.07763474394680964
869,0.807031504688777
870,0.7164151795489723
871,0.934021033889102
872,0.5907610288499623
873,0.9973968382806446
874,0.6111292728107104
875,0.9773202259237367
876,4.9362354675411727e-08
877,0.8073391590180733
878,0.9940794431620623
879,0.035017095207507974
880,0.171393496033412
881,0.25508069822457063
882,0.47934175187382155
883,0.7947612010813522
884,0.2165514955327517
885,0.9458922675663529
886,0.9583597086708946
887,0.024237067160414877
888,0.654122724591971
889,0.40553743359645056
890,0.9785586271077148
891,0.6692132056155735
892,0.9996153622867224
893,0.7497647056904082
894,0.326349841358148
895,0.0020372311233087547
896,0.9614634122187767
897,0.05491277476660631
898,0.3353162740463523
899,0.10296889827504155
900,0.7098500400569875
901,0.6912722630514432
902,0.7796269488143454
903,0.3134544260517276
904,0.9584058266680929
905,0.18950302701621285
906,0.5871818075206102
907,2.250864186805766e-31
908,0.11325361753983307
909,0.9326646507272562
910,0.3415308894739406
911,0.8649151961666143
912,0.9220900979413386
913,0.7456393148990933
914,0.8756646621399453
915,0.7258522044176419
916,0.05099891512172397
917,0.7786722745805326
918,0.987655156727144
919,0.014447274702611678
920,0.2589489707221744
921,0.2968129852588006
922,0.23039632282152442
923,0.9746773318839812
924,0.00010359653937915834
925,0.7246657301976249
926,0.9574423139476175
927,0.8926844201133463
928,0.45949187507607026
929,0.9998075983359095
930,0.5623225750553168
931,0.9701657494766255
932,0.04520110642425014
933,0.7293091260861492
934,0.05163201206284229
935,0.0981476141706206
936,0.6081425348753746
937,0.3130726201578578
938,0.5409517778908761
939,0.09860414103568124
940,0.9999987409673249
941,0.18472169259022206
942,0.5301681482365688
943,0.8125130282499514
944,0.727047408806795
945,0.7994705543381793
946,0.5800028392756448
947,7.307858978328427e-06
948,0.16303803335619957
949,0.8518176132452381
950,0.9890068844253828
951,0.8757295327704819
952,0.5726767113477592
953,0.9932491421699708
954,0.967010740964302
955,0.06213075243323571
956,0.6331904800384083
957,0.6562270318840826
958,0.9923584714066188
959,0.3669815304406493
960,0.8997805468910233
961,0.9848797707916229
962,0.45557207331398214
963,0.08285103239149991
964,0.9895189595981493
965,0.8650770832287745
966,0.5441292373785785
967,0.9749371089345684
968,0.41411199812667865
969,0.9855416479897688
970,0.14378756416010402
971,0.0002334646769162393
972,0.898694468853446
973,0.35831249181874464
974,0.1868502358859482
975,0.5291746332972449
976,0.5227370307762297
977,0.2617548869057753
978,0.5556681536337447
979,0.7275521907595254
980,0.7181435496138847
981,9.092576552946174e-05
982,0.516913015691339
983,0.011478323237447723
984,0.9999533584862739
985,0.9254853596745329
986,0.902115789515504
987,0.23864443547420383
988,0.5009745740534978
989,0.5614762923320309
990,0.6864131000338421
991,0.9998416501335615
992,0.7511807402065601
993,0.977239874214424
994,3.3052659682405473e-09
995,0.872788135275571
996,0.6005193011403649
997,0.07422561606317818
998,0.44183854916848364
999,0.596464595055555
1000,0.36870530011628605
1001,0.6589303110836504
1002,0.6693776117818047
1003,0.1388017714452193
1004,0.9994384635078712
1005,0.5430616696877688
1006,0.029700040180896694
1007,0.7820217841951516
1008,0.99486023163938
1009,0.32974825016175596
1010,0.9713521539657108
1011,0.5941316320393626
1012,0.965227026464543
1013,0.33585314783519526
1014,0.5429681365297233
1015,0.9976612002796625
1016,0.42801368466691525
1017,0.19142221353859998
1018,0.5595763082762534
1019,0.8468143653040913
1020,0.50547998477507
1021,0.3040661502598094
1022,0.6249868048409871
1023,0.9898026922941354
1024,0.9837352792802303
1025,0.17463470561391878
1026,0.4523214845092541
1027,0.5172887834427633
1028,0.5168412962343211
1029,5.65771056619302e-16
1030,0.0003316634573076019
1031,0.9971153037620172
1032,0.9345367029438436
1033,0.07800805146663564
1034,0.9934234292930739
1035,0.01873518160127234
1036,0.9996623110336951
1037,0.999989007177288
1038,0.573075834256518
1039,0.2957188004005071
1040,0.9985811152545896
1041,0.6979037911294871
1042,0.987562404569797
1043,0.8698574409228435
1044,0.4701448273141705
1045,0.12084645416287747
1046,0.9434684748938807
1047,0.7385421487870698
1048,0.41224969566882813
1049,0.19713806745987625
1050,0.4360226035216172
1051,0.4403275250008334
1052,0.698351664784817
1053,0.05989026498236238
1054,0.27872096056288165
1055,0.3516553741136595
1056,0.2012121372643381
1057,0.4838340500178417
1058,0.9996560296804271
1059,0.9544296861544351
1060,0.4635705061560712
1061,0.9795280848895481
1062,0.4711284775098166
1063,0.7464652884690661
1064,0.7079272535998926
1065,0.9465473666313784
1066,0.6181139002510307
1067,0.7480978334164328
1068,0.011405894667833675
1069,0.1712793958469065
1070,0.3541593553714782
1071,0.5065817377706701
1072,0.9755698346009138
1073,0.9429204890778066
1074,0.5196852965806592
1075,0.35860797903750696
1076,0.132734611166032
1077,0.985604653908831
1078,0.9906542058439387
1079,0.0007051531142323805
1080,0.4042533880733051
1081,0.32083843166304693
1082,0.5285244406314937
1083,0.5758622152715783
1084,9.895799338487605e-08
1085,0.07614063291389857
1086,0.7361078506914692
1087,0.3128950892351214
1088,2.0590254510464722e-06
1089,0.04472572235781198
1090,0.13795209604380013
1091,0.002350310251606077
1092,0.913934432514477
1093,0.9855591420416413
1094,0.041869222740819216
1095,4.648181176507783e-13
1096,0.1495565211942501
1097,0.9401324392127451
1098,0.5665806174939035
1099,0.9346610904846994
1100,0.9026718289559359
1101,0.8317198029324301
1102,0.9993621310514865
1103,0.7813170699745012
1104,0.9943519793698402
1105,0.775836009604934
1106,0.16149708445928568
1107,0.5240661963058775
1108,0.3809425030344875
1109,0.06465370415636343
1110,0.8688399452446535
1111,0.7311697950637579
1112,0.9983855859467038
1113,0.9811622172006277
1114,0.9807897912588025
1115,0.9672868814704383
1116,0.007722410865779047
1117,0.9313007067895365
1118,0.43991627197324523
1119,0.44767333075585947
1120,0.5034518684030018
1121,0.060710624699645555
1122,0.27412269676398493
1123,0.258040328675679
1124,0.6210276872825239
1125,0.8160118648365623
1126,0.7664175560567456
1127,0.10688222972240514
1128,0.24718606012197314
1129,0.7479700740489846
1130,0.6293982726565098
1131,0.8130765096011348
1132,0.7720444054441896
1133,0.0011310240462448534
1134,0.08857471211587639
1135,0.85867557088365
1136,0.331908804817957
1137,0.3170746259826758
1138,0.009822152020505117
1139,0.518383257265407
1140,4.9312788918685166e-05
1141,0.01074728553969881
1142,0.013757634872788232
1143,0.19576049916992425
1144,0.40629435746188336
1145,0.5828393840280185
1146,0.6589592979079204
1147,0.24127575292458803
1148,0.00028652605443739237
1149,0.012610969362905783
1150,5.786841661414784e-21
1151,0.48255599701243374
1152,0.98761711909145
1153,0.9622885436928026
1154,0.9971562968936929
1155,0.4403549797790486
1156,0.820170051871502
1157,0.0002231050969985154
1158,0.5703970433043893
1159,0.0015028694615306817
1160,4.702531093551986e-07
1161,0.9999913933662905
1162,0.9169133300513285
1163,0.8473603225765809
1164,0.6328356414271349
1165,1.5545570663766856e-05
1166,0.6642605694839171
1167,0.4905348978578607
1168,0.27283359662204115
1169,0.5650491126319015
1170,0.38049350496034107
1171,0.006278886386382473
1172,0.27071366966453436
1173,0.5519193842585052
1174,0.8330859096691681
1175,0.7918021747975086
1176,0.9826508321551485
1177,0.6081425348753746
1178,0.877204539665107
1179,0.39067253127995977
1180,0.09915633655074299
1181,0.0037704590172577324
1182,0.6697270008239564
1183,0.21400952098615275
1184,0.6648282253051242
1185,0.040175482911552186
1186,0.9690932836088934
1187,0.000328858152392755
1188,7.093636309676685e-05
1189,0.00017130079428529895
1190,0.5089214117232314
1191,0.7149400868667636
1192,0.9942818090673169
1193,0.5975364910066737
1194,0.795836847842325
1195,0.9127520247568578
1196,0.16183219650869182
1197,0.15586793636849441
1198,0.9822939036895874
1199,0.23960595737509957
1200,0.6801236019656942
1201,0.6970338496954313
1202,0.11681829871784
1203,0.8967409587174989
1204,0.45526450804723306
1205,0.6497201804571008
1206,0.9814372469619231
1207,0.29839738837667
1208,0.8566400738642608
1209,0.9921519919553009
1210,2.937066834225433e-11
1211,0.393966499154484
1212,0.5362060460204112
1213,0.5582032068992149
1214,0.9393460511486876
1215,0.5951964809220157
1216,0.09750362796194346
1217,0.6322851573832358
1218,0.9967706532888203
1219,0.5823825189765883
1220,0.7337308741034241
1221,0.8996116228444344
1222,0.3655536468121942
1223,0.9999827065744491
1224,0.9729861410310194
1225,0.75213695792911
1226,0.980249502088349
1227,0.9993482364404928
1228,0.020004154931060187
1229,0.1442074726544442
1230,0.9752502708257388
1231,0.03302296251677917
1232,0.33281570551587086
1233,0.1528915066786698
1234,0.24366715612594722
1235,0.39006865127627055
1236,0.6737402090321647
1237,0.5823825189765883
1238,0.7823666810498997
1239,0.18636274669277664
1240,0.14385990103415655
1241,0.42936480954194856
1242,0.8747763981683994
1243,0.6782066211929254
1244,0.07878632949144428
1245,0.9338395031599884
1246,0.2538638378462288
1247,0.18761648272517667
1248,0.891936970229944
1249,0.885307662565292
1250,0.9489112789597383
1251,0.0021895425320341243
1252,0.7398188448625864
1253,0.8745888180662477
1254,0.996829321390594
1255,0.3821820335830188
1256,0.05508208377610396
1257,0.1637591191746213
1258,0.9143211297402413
1259,0.9991490161955878
1260,0.2633012372777977
1261,0.5564641961218144
1262,0.21207582044480236
1263,0.993681340211026
1264,0.3723612652440107
1265,0.7086642425237439
1266,0.9999565175420154
1267,0.13348704060890523
1268,3.839154118613204e-11
1269,0.4201442003240382
1270,0.7337215076094301
1271,0.9983827004825632
1272,0.2836741803269563
1273,0.9607804774257045
1274,0.12128308297707459
1275,0.9910880134570058
1276,0.0009022981697972406
1277,0.6132441873211497
1278,0.486568407993691
1279,0.6964183324982979
1280,0.9877985097897659
1281,0.9338879449385156
1282,0.9512364026604478
1283,0.5806823490965742
1284,0.9743436023019947
1285,0.6261989788908073
1286,0.7100220160607091
1287,0.21147107879981125
1288,0.3551225273791838
1289,0.9997734572307303
1290,0.1450358681212789
1291,0.09549410692187676
1292,0.06150467006678638
1293,0.2880014000304769
1294,0.2315333399898391
1295,0.9586323040577795
1296,1.3070343916539758e-05
1297,0.024344070058292557
1298,0.03999676269323748
1299,0.3327297404127581
1300,0.9346879724012512
1301,0.4156074312847586
1302,0.2580133548882024
1303,0.6229201236419333
1304,0.9552975925619227
1305,0.7789018783213747
1306,0.06944786881399234
1307,0.5903917259696765
1308,0.4635705061560712
1309,0.9947379349073017
1310,0.00027074862171859454
1311,0.6474071576894448
1312,0.34169650334440477
1313,0.7588322223641643
1314,0.5874168133747152
1315,0.9068755048393832
1316,0.906250990256991
1317,0.020707494165872243
1318,0.32733302290342464
1319,0.677301693720376
1320,0.9190517894529965
1321,0.2687449050317002
1322,0.129594914074614
1323,0.004241351637182869
1324,0.1607826924497265
1325,0.5181667625196869
1326,0.763047270762579
1327,0.7699722192209808
1328,0.999834805474055
1329,0.2428046251106669
1330,0.4092334754249187
1331,0.5660097250475552
1332,0.8784539105415855
1333,0.47672462372464974
1334,0.8242775723367939
1335,0.9998814430830915
1336,0.15439560763563281
1337,0.919135159168659
1338,0.14336218114597937
1339,0.14330140652707893
1340,0.2893878983761717
1341,0.01819339579969475
1342,0.015899295243112035
1343,1.7040781859401446e-13
1344,0.49321581196222475
1345,0.8005424920977406
1346,0.2476324168751619
1347,0.7299975291777706
1348,0.22958907536054746
1349,0.12406938878336132
1350,0.17087641789648814
1351,0.3910855949210138
1352,0.2099822278352498
1353,0.5003266592499495
1354,1.0250427085275502e-06
1355,0.7459740401696422
1356,0.4763039455454797
1357,0.8877471303410196
1358,0.19969106827261754
1359,0.4497330671930084
1360,0.011737771852368817
1361,0.8530833103522162
1362,0.9999976002814409
1363,0.0038862978101484452
1364,0.7725944776266029
1365,0.45590681000172395
1366,0.7241527340639023
1367,0.38302484132916803
1368,0.01665020190787844
1369,0.9999817258798449
1370,0.37493176792820304
1371,0.7488534390234057
1372,0.9131319157897554
1373,0.6320441650506612
1374,0.1422946285920324
1375,0.9999870452131876
1376,0.9993144870307279
1377,0.8941724910494273
1378,0.8869607890991225
1379,0.5847521514552732
1380,0.4228571104498008
1381,0.3299189957241876
1382,0.003585450906537395
1383,0.8449441094131633
1384,0.090207248198987
1385,0.6960367322561335
1386,0.6977637496986863
1387,0.339265966365837
1388,0.9999791468315535
1389,0.9721631419276108
1390,0.2819007686102639
1391,0.025008095370520077
1392,0.03405352859261103
1393,0.9996249425141353
1394,0.3725997729183932
1395,0.742140034758333
1396,0.19191423091962512
1397,0.9792919767168272
1398,0.12705087247459587
1399,0.07612666288538009
1400,0.4301587977564216
1401,0.6618538225029106
1402,0.15497677817156447
1403,0.9015141769352859
1404,0.9995748500930736
1405,0.6985004430231093
1406,0.9916425795548509
1407,0.16502617493570787
1408,1.6127979422606452e-11
1409,0.12794878192472736
1410,0.41513982576915115
1411,0.9785555245372626
1412,0.6910951813069801
1413,0.5667618532994958
1414,0.2086255471736938
1415,0.6523448011845636
1416,0.9921126495265739
1417,0.9387133305274458
1418,0.9493402721493245
1419,0.9580878001058293
1420,0.7826021499749731
1421,0.4433162006180478
1422,0.9672546668495609
1423,0.4396080781800322
1424,0.7412692819488983
1425,0.9790604324428235
1426,0.3695926854620521
1427,0.6191710252588517
1428,0.20270957798564238
1429,0.4485578688342374
1430,0.9993616157790346
1431,0.07767357793909407
1432,0.39203788658431005
1433,4.290466872233082e-07
1434,0.9996362403502067
1435,0.4483404115971994
1436,0.15864209477977723
1437,0.18616844137536542
1438,0.7644810999211133
1439,0.6931177242312266
1440,0.9459384522985471
1441,0.9998392633627906
1442,0.5887079519190173
1443,0.06227444779271485
1444,0.5767204506052511
1445,0.24088886264190396
1446,0.22367948105777902
1447,0.27875820056143125
1448,0.7403014838576097
1449,0.8275023241061426
1450,0.006844343924406538
1451,0.51534210591802
1452,0.3956929069951262
1453,0.5117311920789299
1454,0.00664389788959828
1455,0.0044881863700252265
1456,0.3553363360166783
1457,0.4753557290195674
1458,0.2806839850648024
1459,0.9969335757737047
1460,0.7047737258770538
1461,0.9945313484436438
1462,0.730490918070554
1463,0.527443036925393
1464,0.06180598702670752
1465,0.49673913103430345
1466,0.5199306732117613
1467,0.46766881475965766
1468,0.3452050345001346
1469,1.3079391694120767e-05
1470,0.9815902730316481
1471,0.9961027706410296
1472,0.00855914273635731
1473,0.8568573817096512
1474,0.9502089191637121
1475,0.9951741869164645
1476,0.4579217143025428
1477,0.9538081887894756
1478,0.8368809545952554
1479,1.0737022220868775e-08
1480,0.5213413749958171
1481,0.5474109260071769
1482,0.17132438104204084
1483,0.45754505217167174
1484,0.8575279942969668
1485,0.7966312888672896
1486,0.7647900434718603
1487,0.46611928952519144
1488,0.9782056954462722
1489,0.7440303673966348
1490,0.8990733305543617
1491,0.5639530234181537
1492,0.386089101263121
1493,0.05648888994977554
1494,0.8949508163390976
1495,0.7671356335792148
1496,0.42801368466691525
1497,0.07988849764505318
1498,0.1960898209103919
1499,0.9526354439771653
1500,0.009291541232596059
1501,0.11769755432857558
1502,0.9849261728763616
1503,0.48089332665462664
1504,0.02092647819084295
1505,0.39578945764293244
1506,0.8230775830512537
1507,0.015205192635427467
1508,0.1605273540134819
1509,0.9188025461004468
1510,0.024118349037523735
1511,0.044044704580364635
1512,0.9185058236971059
1513,0.9939124816940883
1514,0.011218406776110383
1515,0.1384832317240532
1516,0.14006056448482482
1517,0.48369631248950956
1518,0.25663423833039833
1519,0.0983932315956277
1520,0.00011029284163809406
1521,0.771849553720085
1522,0.657621175102772
1523,0.42367311774245214
1524,0.2735762865778732
1525,0.5642052004584133
1526,0.2495689292426535
1527,0.791978420786871
1528,0.9926463832014805
1529,0.00112260581529841
1530,0.24336861208388602
1531,0.5513684886981581
1532,0.5384998689280578
1533,0.387721522387297
1534,0.9708246734395836
1535,0.9999629471472858
1536,0.004807898087110202
1537,0.7781995886302436
1538,0.8506030930712741
1539,0.9784975905822696
1540,0.009047308544361804
1541,0.5334642113141332
1542,0.00012469586755005106
1543,0.5044806143160456
1544,0.8774101164197147
1545,0.03504825463191123
1546,2.5728637472854576e-06
1547,0.5430616696877688
1548,0.3842379193118126
1549,0.6304630609218156
1550,0.22296492434103937
1551,0.6099653450323747
1552,0.10550611324875636
1553,0.08988586472897539
1554,0.9999997347024202
1555,0.6188942185147989
1556,0.5225878426849511
1557,0.15472993310416033
1558,0.11208251674624058
1559,0.53179783509237
1560,0.00013354209496667567
1561,0.8074107515528463
1562,0.7553563205552596
1563,0.8692019487778867
1564,0.9351316209334941
1565,1.6384099744616058e-05
1566,0.723165277818861
1567,0.2711923082050646
1568,0.1649932256578859
1569,0.0654989003094345
1570,0.9580932454839308
1571,0.0004598839177550264
1572,0.15462585828903141
1573,0.051150107189263584
1574,0.00027020958038017137
1575,0.9984000128661685
1576,0.537702484404769
1577,0.003285612055909688
1578,0.6201316466966602
1579,0.5317785808326342
1580,0.1902452786842627
1581,0.860283099353751
1582,0.998810017853477
1583,0.8429228946306
1584,0.39056859998034077
1585,0.05984775171732474
1586,0.13381806372943086
1587,1.2933048258574068e-07
1588,0.009612936230285854
1589,2.116526001316363e-06
1590,1.2778910470999826e-06
1591,0.9987645254564889
1592,0.930954888793327
1593,0.9287598191430749
1594,0.27013444302132245
1595,0.9968745524647196
1596,0.13186376127444746
1597,0.0337316785204923
1598,0.04543278823019717
1599,0.5482642593586402
1600,0.2467136468144943
1601,0.928607999010196
1602,0.7021092858725956
1603,0.8469087676907963
1604,0.1418821028709785
1605,0.5099455868234052
1606,0.9882496430270382
1607,0.7116002314564095
1608,0.3345008807416984
1609,0.9379236586551347
1610,0.6455917415385478
1611,0.6803743925263623
1612,0.5888615200881898
1613,0.9644443852212824
1614,0.9745055709741901
1615,0.48494868698961574
1616,0.9978717397687623
1617,0.8214213282397501
1618,0.006744440644331303
1619,0.9980042814413959
1620,0.417913389675507
1621,0.0011174726442548836
1622,0.7995745228954585
1623,0.3364493930901201
1624,0.9088759284525028
1625,3.365675256786625e-05
1626,0.13057444447109176
1627,0.0016344060264905814
1628,0.4562279379962522
1629,0.9748873297095065
1630,0.9122258906870946
1631,0.8509336391049215
1632,0.4341006885994009
1633,0.7941464212311701
1634,0.29021889314576604
1635,0.8115042010064825
1636,0.7197236643987994
1637,0.108982105701194
1638,0.12525915251009168
1639,0.15058074980756497
1640,0.027855698026831705
1641,0.20633626769426816
1642,0.992304987632261
1643,0.9988570830894036
1644,0.9151337337262818
1645,0.9114021641993544
1646,0.13274859602986758
1647,0.9345216443844486
1648,0.8568764284493222
1649,0.7148085723559977
1650,0.6531923130077673
1651,0.5347952992603212
1652,0.9548169709098326
1653,0.34155519168125914
1654,0.7914583894241586
1655,0.9997778846304816
1656,0.9930946418400584
1657,0.6709549547222851
1658,0.6938944468312145
1659,3.884202412307503e-06
1660,0.9961278115393548
1661,0.9671107340305435
1662,0.5163054295480042
1663,0.8107164363616489
1664,0.32612043834978066
1665,0.6640410856229157
1666,0.999607315877537
1667,0.13413457124844483
1668,0.6423174182206772
1669,0.9833400197134006
1670,0.1699056314108599
1671,0.6804570793698993
1672,0.2603082554545699
1673,0.9581037263232978
1674,0.8410876956151973
1675,0.9228587097536806
1676,0.9998222449006985
1677,0.177659889759658
1678,0.8952046898393274
1679,0.9858337295358864
1680,0.7642379868013541
1681,0.6760343105602453
1682,0.3976101099910609
1683,0.5812216336094413
1684,0.29387947921716057
1685,0.5439285626251245
1686,0.4015347132889843
1687,0.8997967580033865
1688,0.9926399921232663
1689,0.9982600788125631
1690,0.14542679375567366
1691,0.9355462372735956
1692,0.9999956339425851
1693,0.7247762176854382
1694,0.7161872632529188
1695,0.820031688903252
1696,0.8664342579974856
1697,0.09169755854326518
1698,0.12439356683225668
1699,0.0009020126456778783
1700,0.31597390771612227
1701,0.7152802856256728
1702,0.8339403170851722
1703,0.08167721693411867
1704,0.878725764921646
1705,0.18824442044079262
1706,0.12186063169965689
1707,0.43544118805414916
1708,0.9644443852212824
1709,0.824386833152252
1710,0.37043982434203815
1711,0.906250990256991
1712,0.9999949517266867
1713,0.574488637997909
1714,0.4711284775098166
1715,0.5962812061583306
1716,0.9399623596599455
1717,0.4066144383817778
1718,0.22710469874194386
1719,0.32501912289879453
1720,0.9412160597990864
1721,0.9231695668101237
1722,0.0031743270020633983
1723,0.9991434990795902
1724,0.8629090422720969
1725,2.7422925855129463e-06
1726,0.6293309503713156
1727,0.6727464639337983
1728,0.5750431456943044
1729,0.44090477340153406
1730,0.9996867995369068
1731,0.7045384211743193
1732,0.9525977197697001
1733,0.34116266950843943
1734,0.6709654036060357
1735,0.6583396202319246
1736,0.09328885459764961
1737,0.9931004225322279
1738,0.9843349600229805
1739,0.9113040557536501
1740,0.9642037928303437
1741,0.11362997020759738
1742,0.7731773090002452
1743,0.0370250254986587
1744,0.3686510837677611
1745,0.6113498265819046
1746,0.9412757629037479
1747,0.22518385145018266
1748,0.7163388931376539
1749,0.9989839623429373
1750,0.6119463865481528
1751,0.5694993828957423
1752,0.30797173833448355
1753,0.31894882024614335
1754,0.7281128196695095
1755,0.5482576667791141
1756,0.8802950552923853
1757,0.9961922944651717
1758,0.9939467343633124
1759,0.5092461294318557
1760,0.6793417951268063
1761,0.9999837488983905
1762,0.13177210925122176
1763,0.8951311023859748
1764,0.9698166906167006
1765,0.5823825189765883
1766,0.43318376271092196
1767,0.5823825189765883
1768,0.9999003020235033
1769,0.0043636103385890235
1770,0.9999899350293096
1771,0.8562118887153712
1772,0.28062205506644594
1773,0.7333779955009802
1774,0.813832072030561
1775,0.9685259998229058
1776,0.8995999550568987
1777,0.6279449894572394
1778,0.9951966278740006
1779,0.28184267830143084
1780,0.7887369213661527
1781,0.32314377371080877
1782,0.35371244310822564
1783,0.9791515565468021
1784,0.9298312881452214
1785,0.6885089227593284
1786,0.7909061361147319
1787,0.11461021998641008
1788,0.9769964574624342
1789,0.7634847726867859
1790,0.4989730613823157
1791,0.9998649789064207
1792,0.13282566117329522
1793,0.10418431583760938
1794,0.30195460315690154
1795,0.9344747086269031
1796,1.0
1797,0.014652775620236588
1798,0.8774617070699713
1799,0.05712961784172893
1800,0.632251719915552
1801,0.0008268492278035985
1802,0.4617068655635439
1803,0.8390754900248877
1804,0.8099264786695988
1805,0.9974149057359559
1806,0.11233500165315685
1807,0.7839359685283513
1808,0.9513181815094601
1809,0.38114901052052197
1810,0.054912615577987815
1811,0.8332985769760279
1812,0.6210276872825239
1813,0.12488933223535141
1814,0.8149426377475087
1815,0.7480724157106932
1816,0.47994932639497223
1817,0.19594458436815707
1818,0.9970971456230331
1819,0.2650092447548897
1820,0.5823825189765883
1821,0.9700876650101409
1822,0.8026229664972835
1823,0.8898283634869523
1824,0.9914905757403996
1825,0.32424230902197876
1826,0.9998385097735724
1827,0.44849074174895526
1828,0.5283006917916714
1829,0.30106224740461696
1830,0.8415370979897459
1831,0.21449442222808213
1832,0.9900421406852826
1833,0.24242188744843332
1834,0.9507415007237934
1835,0.08210342248941736
1836,0.2146082537608986
1837,0.43882705881379586
1838,0.999527230005102
1839,0.8442022952614271
1840,0.6765938550987588
1841,0.7445470282529657
1842,0.015810062063381605
1843,0.11049467600847965
1844,0.985140422423114
1845,0.016355729755352707
1846,0.07320745313988268
1847,0.7167751061765493
1848,0.025596537411605152
1849,0.6445585549844102
1850,0.038170682481476786
1851,0.0027433800584063524
1852,0.44897085143916926
1853,0.17631638458022178
1854,0.9216648962139425
1855,0.3833590985485924
1856,0.9839234312311119
1857,0.8882209394471975
1858,0.47934175187382155
1859,0.8754088190098641
1860,0.25582064379024927
1861,0.8841522499425978
1862,2.4234906305013793e-08
1863,0.9640572037869816
1864,0.9320637641942309
1865,0.6617779122800939
1866,0.2941490990613874
1867,0.00041933012177622705
1868,0.7997717244631114
1869,0.8546295022019696
1870,0.9999999824146358
1871,0.9638541638117399
1872,0.23328896193223775
1873,0.5519257989562858
1874,0.22150826037657392
1875,0.30819008793941755
1876,0.8051792253948485
1877,0.37557917119346235
1878,0.5851106490218643
1879,0.22108514116847383
1880,0.5031382187491262
1881,0.688073197610991
1882,0.029467577867140906
1883,0.7433524342595856
1884,0.00018169166873007725
1885,0.9299437292494241
1886,0.9944451675234433
1887,0.4262737223850463
1888,0.37942872706097264
1889,0.9436554401565265
1890,0.8126203970291068
1891,0.9434748160517585
1892,0.6933496879506634
1893,0.006403533311522356
1894,0.24062234043944725
1895,0.0015356304865832252
1896,0.12267653455319753
1897,0.9947057443561068
1898,0.6912916467163802
1899,0.481205577676856
1900,0.9774012036091043
1901,0.45686610963961205
1902,0.004516997466289468
1903,0.3360518266402194
1904,0.0152623673111348
1905,0.20049048216364113
1906,0.0009807834551632628
1907,0.8209188490572878
1908,0.00581983191244864
1909,5.3147101298066826e-08
1910,0.9998746823288769
1911,2.5226360843713473e-05
1912,0.964922721610862
1913,0.9984065791927647
1914,0.8333136337025661
1915,0.8072226807027205
1916,0.9790050520331965
1917,0.9811898218098234
1918,0.44454937648917237
1919,0.8126203970291068
1920,0.10158645615397727
1921,0.9958364307812774
1922,0.0020686197126845974
1923,0.09216760660965143
1924,0.6638121075823066
1925,0.1851847882011991
1926,6.724086600003917e-06
1927,0.11662025780605226
1928,0.37459587032925706
1929,0.1996971685292891
1930,0.8109928089441842
1931,0.7131123355944204
1932,0.1994405122497687
1933,0.8405543516847729
1934,0.642346824911756
1935,0.12809881881097843
1936,0.8412220132103811
1937,0.0023116693453652955
1938,0.27177431497629134
1939,0.9791844563072588
1940,0.9998712416804082
1941,0.888578763328416
1942,0.6017855563871125
1943,0.5975955131034774
1944,0.9936537421292774
1945,0.8126203970291068
1946,0.8124226795254729
1947,0.005715068626918907
1948,0.9206774770399111
1949,0.21768378415530323
1950,0.25605541870831594
1951,0.6272319370017958
1952,3.80442807560181e-08
1953,0.6837288127118972
1954,0.000605026139876661
1955,0.06367597651516564
1956,0.5893058100550248
1957,0.6372280670899679
1958,0.9459384522985471
1959,0.9455104351681283
1960,0.727047408806795
1961,0.5333564864538727
1962,0.8173636339671296
1963,0.5334033968862744
1964,0.7771001329468524
1965,0.8747855718887664
1966,0.9999999526596934
1967,0.45222110192177917
1968,0.6624753692499595
1969,0.7861251744062169
1970,0.9974929782700627
1971,0.9919416536523215
1972,0.731264296230307
1973,0.14458386787358649
1974,0.9452322992082758
1975,0.9794598356108402
1976,0.5992963558500239
1977,4.168994824778394e-06
1978,0.8650687619410923
1979,0.9999940681600212
1980,0.9995420767747389
1981,0.0019116668333107117
1982,0.9485668205933583
1983,0.004657552284525441
1984,0.5994284313363847
1985,0.13033288465486606
1986,0.7723039949423627
1987,0.5487010283937466
1988,0.6014422215874923
1989,0.7325197249244859
1990,0.07049983496693428
1991,0.4816154036944108
1992,0.2832401229597026
1993,0.6220083359336407
1994,0.8191826925833999
1995,0.8360173874950266
1996,0.9806992170440356
1997,0.2416671012791788
1998,0.6463388352631366
1999,0.7271478486022805
2000,0.8546108889969093
2001,0.44792309290477694
2002,0.1215140009188941
2003,0.7696154560066353
2004,0.05157400288088672
2005,0.4127923242015374
2006,0.07272024358164311
2007,0.9994749245128747
2008,0.9939503982071964
2009,0.3567218961467255
2010,0.09340444148141983
2011,2.1925599357119048e-08
2012,0.11616672786249597
2013,0.9999994826585153
2014,0.05614244367434325
2015,0.0893047861009452
2016,0.5291881244996295
2017,0.9824799036106734
2018,2.708702512644884e-13
2019,0.27790133406814815
2020,0.014524204328203897
2021,0.8571923242694209
2022,0.3998207212251291
2023,0.6463154094092677
2024,9.57750584734047e-13
2025,0.697894866506672
2026,0.9998499183778542
2027,0.03781688828235225
2028,0.999731501365245
2029,0.06436529892191961
2030,0.6213170168557421
2031,0.6815097982197704
2032,0.8290551098576242
2033,6.752769064029815e-09
2034,6.911499380961278e-14
2035,0.6641956180991653
2036,0.960828859504628
2037,0.9285795329206846
2038,0.034177488422854826
2039,0.20467812892242246
2040,0.26577147200405365
2041,0.17298789951437127
2042,0.0015393900880561631
2043,0.8929527166831335
2044,0.24700866360462134
2045,0.8960708019578317
2046,1.2279990979748143e-05
2047,1.6853248013380343e-05
2048,0.9239179087282119
2049,0.5340680053530557
2050,0.8808505038438479
2051,0.31241659748236367
2052,0.5564641961218144
2053,0.0019271196741467572
2054,0.5769586962135181
2055,0.9072168294749113
2056,0.9959682911643751
2057,0.6113186173136712
2058,0.8435761799973251
2059,0.9999876646038752
2060,0.5628570057627955
2061,0.6407024583443207
2062,0.9478709081640646
2063,0.004671795884797456
2064,0.9965574987282052
2065,2.0976785050693285e-09
2066,0.17930221947739905
2067,0.7947941521821059
2068,0.5661190394728943
2069,0.5733649396205742
2070,0.97399188702571
2071,0.08021054139621729
2072,0.2498626658777863
2073,0.02131973094545254
2074,0.9506178782146152
2075,0.004042326875294373
2076,0.0006300215399818655
2077,0.6958433236862503
2078,0.980402913436352
2079,0.3626765846385117
2080,0.6306246215132459
2081,0.9898069359928212
2082,0.5240697074331017
2083,0.16361502523956192
2084,0.5976717823435785
2085,0.07804983573934977
2086,0.5016829578905331
2087,0.8442300331562881
2088,0.5275438521950852
2089,0.7223521386316936
2090,0.6259453386068847
2091,0.3888301586630931
2092,0.016571432373234114
2093,0.019936183966690717
2094,5.4862727140721556e-06
2095,0.41768415651187285
2096,0.5291746332972449
2097,0.9666941536585635
2098,6.332135269179685e-06
2099,0.9999776764737764
2100,0.9840837827256663
2101,0.9586752447888578
2102,0.7633878685670114
2103,0.012678611014977845
2104,0.9879981926954032
2105,0.7994145975606398
2106,0.9998611371898227
2107,0.6235257597657243
2108,0.5821844842220838
2109,0.05430160245710978
2110,0.5128975349108134
2111,0.346622869387749
2112,0.6778756600334939
2113,0.9644443852212824
2114,0.9927935045429878
2115,0.4687590773094365
2116,0.504006791465113
2117,0.40061537659276386
2118,0.9452256169185635
2119,0.5995691943527349
2120,0.027720346593813148
2121,0.8812617328601972
2122,0.2254608755332538
2123,0.33706413627053255
2124,0.9356429174746747
2125,0.22773572929395872
2126,0.9998298994990823
2127,0.8292275502239835
2128,0.6160012473647611
2129,0.6330367374946663
2130,0.9841550160517994
2131,0.40487570241564175
2132,0.4174468384852697
2133,0.4186227935050443
2134,0.5514436764069732
2135,0.9998881470536158
2136,0.6837288127118972
2137,0.6941358093626097
2138,0.49107149907873576
2139,0.9699169804245691
2140,0.39578945764293244
2141,0.7642604620140575
2142,1.0411704669649538e-09
2143,0.0002916492326131049
2144,0.6757011639335634
2145,0.1146011726890745
2146,0.6323517030874899
2147,0.3569750606165269
2148,0.2945009849500745
2149,0.8517431542069317
2150,0.24174918564179515
2151,0.9991347634989424
2152,1.448838457423741e-07
2153,0.5712366135827136
2154,0.3296528300585567
2155,0.9606854118982929
2156,0.752832353964204
2157,0.058188819305605974
2158,0.9996723220452567
2159,0.20795407697551366
2160,0.9953027837888551
2161,4.4773612017751997e-07
2162,0.5713440212774167
2163,0.9426571370175497
2164,0.9022758861653392
2165,0.8782640183713667
2166,0.9925266529225826
2167,0.35773986563353233
2168,0.8376312701276757
2169,0.8977304836665999
2170,0.48869046558346424
2171,0.03579085607291311
2172,0.9607804774257045
2173,0.0016792626222093192
2174,0.8854025896296653
2175,0.641329221889756
2176,0.9618771684793048
2177,6.432723081513112e-06
2178,0.8272504990393111
2179,0.9999999376423736
2180,0.13039629080943588
2181,0.322019756135768
2182,0.3876072515754199
2183,0.661162715001563
2184,0.8642580951446562
2185,0.9415017038614126
2186,0.00048758253072190546
2187,0.724464561909361
2188,0.3918981285975578
2189,4.766462348217714e-06
2190,0.4759167443663838
2191,0.7183072391960221
2192,3.517073634408334e-08
2193,0.827862991456052
2194,0.00017668015499823587
2195,0.9870731628032188
2196,0.874277566332466
2197,0.9905657674378521
2198,0.5507717380884926
2199,0.9929407376790567
2200,0.97793584766273
2201,0.11729927565433741
2202,0.005568479219696722
2203,0.6243057834579179
2204,0.956627814455897
2205,0.965477660419947
2206,0.1716164411521483
2207,0.31352412197546925
2208,0.8338474449028761
2209,0.4979325138981483
2210,0.07344246030222046
2211,0.9809853466220961
2212,0.9652946738508148
2213,0.5132255389353411
2214,0.006283179436963096
2215,0.6413873415845879
2216,0.26329005280217505
2217,0.18760963090049948
2218,0.17323300383537735
2219,0.0084548365350294
2220,0.003660408251946958
2221,0.0027846593593894393
2222,0.7163388931376539
2223,0.26577147200405365
2224,0.7277025981946692
2225,0.4241160250778367
2226,0.9998497031518873
2227,0.860190664856214
2228,0.9402519185505683
2229,0.3838208194533956
2230,0.5229228101079773
2231,0.9905714974050418
2232,0.9999616790100064
2233,0.2762226164706259
2234,0.6685335868720319
2235,0.5888275914444502
