"final.data.test.Id","Salary"
72629919,NA
72629930,NA
72629937,NA
72629938,NA
72629944,NA
72629946,NA
72629948,NA
72629949,NA
72629954,NA
72629956,NA
72629957,NA
72629959,NA
72629960,NA
72629964,NA
72629975,NA
72629978,NA
72629982,NA
72629993,NA
72630000,NA
72630007,NA
72630009,NA
72630010,NA
72630011,NA
72630049,NA
72630052,NA
72630055,NA
72630057,NA
72630060,NA
72630061,NA
72630063,NA
72630066,NA
72630071,NA
72630078,NA
72630085,NA
72630087,NA
72630098,NA
72630099,NA
72630109,NA
72630116,NA
72630123,NA
72630124,NA
72630131,NA
72630133,NA
72630135,NA
72630142,NA
72630149,NA
72630161,NA
72630353,NA
72630356,NA
72630360,NA
72630363,NA
72630365,NA
72630370,NA
72630374,NA
72630379,NA
72630385,NA
72630387,NA
72630391,NA
72630392,NA
72630401,NA
72630404,NA
72630406,NA
72630412,NA
72630416,NA
72630426,NA
72630427,NA
72630444,NA
72630456,NA
72630472,NA
72630475,NA
72630477,NA
72630479,NA
72630480,NA
72630489,NA
72630490,NA
72630491,NA
72630493,NA
72630517,NA
72630520,NA
72630522,NA
72630523,NA
72630530,NA
72630534,NA
72630536,NA
72630539,NA
72630559,NA
72630564,NA
72630566,NA
72630570,NA
72630580,NA
72630587,NA
72630589,NA
72630595,NA
72630600,NA
72630602,NA
72630610,NA
72630612,NA
72630622,NA
72630627,NA
72630629,NA
72630649,NA
72630651,NA
72630653,NA
72630654,NA
72630660,NA
72630663,NA
72630665,NA
72630679,NA
72630680,NA
72630681,NA
72630685,NA
72630691,NA
72630698,NA
72630700,NA
72630702,NA
72630704,NA
72630708,NA
72630711,NA
72630713,NA
72630722,NA
72630723,NA
72630724,NA
72630725,NA
72630726,NA
72630727,NA
72630728,NA
72630733,NA
72630753,NA
72630754,NA
72630761,NA
72630764,NA
72630772,NA
72630782,NA
72630784,NA
72630786,NA
72630787,NA
72630800,NA
72630808,NA
72630818,NA
72630821,NA
72630823,NA
72630824,NA
72630830,NA
72630846,NA
72630851,NA
72630854,NA
72630857,NA
72630860,NA
72630878,NA
72630891,NA
72630897,NA
72630901,NA
72630904,NA
72630929,NA
72630931,NA
72630933,NA
72630940,NA
72630947,NA
72630949,NA
72630953,NA
72630956,NA
72630958,NA
72630976,NA
72630983,NA
72630989,NA
72630999,NA
72631006,NA
72631008,NA
72631010,NA
72631012,NA
72631013,NA
72631016,NA
72631021,NA
72631034,NA
72631038,NA
72631043,NA
72631052,NA
72631062,NA
72631080,NA
72631085,NA
72631088,NA
72631093,NA
72631104,NA
72631107,NA
72631118,NA
72631130,NA
72631137,NA
72631138,NA
72631162,NA
72631169,NA
72631170,NA
72631180,NA
72631184,NA
72631185,NA
72631186,NA
72631192,NA
72631195,NA
72631203,NA
72631211,NA
72631215,NA
72631218,NA
72631221,NA
72631224,NA
72631230,NA
72631232,NA
72631236,NA
72631245,NA
72631250,NA
72631262,NA
72631308,NA
72631320,NA
72631422,NA
72631424,NA
72631425,NA
72631432,NA
72631436,NA
72631439,NA
72631455,NA
72631475,NA
72631476,NA
72631488,NA
72631489,NA
72631502,NA
72631506,NA
72631640,NA
72631642,NA
72631663,NA
72631674,NA
72631744,NA
72631768,NA
72632173,NA
72632178,NA
72632194,NA
72632199,NA
72632201,NA
72632223,NA
72632292,NA
72632551,NA
72632773,NA
72632782,NA
72632796,NA
72632938,NA
72632948,NA
72632951,NA
72632953,NA
72633084,NA
72633197,NA
72633201,NA
72633202,NA
72633216,NA
72633219,NA
72633227,NA
72633239,NA
72633244,NA
72633310,NA
72633347,NA
72633367,NA
72633381,NA
72633471,NA
72633563,NA
72633576,31100.1036459297
72633607,31100.1036459297
72633623,NA
72633655,NA
72633724,NA
72633730,NA
72633739,31100.1036459297
72633745,29925.7216702357
72633747,29925.7216702357
72633780,NA
72633803,NA
72633813,NA
72633835,29925.7216702357
72633879,39514.0874274476
72633888,39514.0874274476
72633904,31100.1036459297
72633908,31100.1036459297
72633936,29925.7216702357
72634006,31100.1036459297
72634007,31100.1036459297
72634040,31100.1036459297
72634072,31100.1036459297
72634078,31100.1036459297
72634079,31100.1036459297
72634128,38339.7054517536
72634155,31100.1036459297
72634176,39514.0874274476
72634185,31100.1036459297
72634186,39514.0874274476
72634194,31100.1036459297
72634207,39514.0874274476
72634292,31100.1036459297
72634383,31100.1036459297
72634432,31100.1036459297
72634607,29925.7216702357
72634657,31100.1036459297
72634723,39514.0874274476
72634770,31100.1036459297
72634794,29925.7216702357
72634816,31100.1036459297
72634823,31100.1036459297
72634831,29774.1063082385
72634853,30418.0475517902
72634857,40388.9760819751
72634861,31100.1036459297
72634863,31100.1036459297
72634866,31592.4295274843
72634867,39514.0874274476
72634868,48802.959863493
72634870,31100.1036459297
72634876,27014.0043983181
72634886,29925.7216702357
72634887,29925.7216702357
72634888,31100.1036459297
72634891,31100.1036459297
72634896,31100.1036459297
72634897,31100.1036459297
72634900,29925.7216702357
72634902,29925.7216702357
72634905,40388.9760819751
72634906,39514.0874274476
72634911,31100.1036459297
72634912,39514.0874274476
72634915,28378.933814316
72634930,31100.1036459297
72634985,31100.1036459297
72635049,31100.1036459297
72635056,40388.9760819751
72635082,31100.1036459297
72635086,31100.1036459297
72635087,31100.1036459297
72635089,31100.1036459297
72635100,29925.7216702357
72635102,31100.1036459297
72635107,31100.1036459297
72635123,29925.7216702357
72635125,38339.7054517536
72635128,31100.1036459297
72635129,29925.7216702357
72635132,31100.1036459297
72635135,31100.1036459297
72635151,31100.1036459297
72635152,29925.7216702357
72635154,29925.7216702357
72635163,31100.1036459297
72635164,31100.1036459297
72635167,31100.1036459297
72635181,31100.1036459297
72635188,30418.0475517902
72635192,31100.1036459297
72635197,31100.1036459297
72635221,31100.1036459297
72635222,39514.0874274476
72635223,39514.0874274476
72635226,29774.1063082385
72635229,31100.1036459297
72635230,31100.1036459297
72635232,31100.1036459297
72635233,39514.0874274476
72635234,29925.7216702357
72635235,31100.1036459297
72635236,40388.9760819751
72635237,31100.1036459297
72635238,29774.1063082385
72635239,39514.0874274476
72635242,31100.1036459297
72635247,29925.7216702357
72635250,29925.7216702357
72635251,27014.0043983181
72635254,31100.1036459297
72635255,39514.0874274476
72635256,31100.1036459297
72635258,31100.1036459297
72635259,38829.1945390912
72635265,29925.7216702357
72635268,31100.1036459297
72635269,31100.1036459297
72635271,31100.1036459297
72635272,39514.0874274476
72635275,31100.1036459297
72635278,29553.31579001
72635280,39514.0874274476
72635281,29925.7216702357
72635283,31100.1036459297
72635284,31100.1036459297
72635287,39514.0874274476
72635289,35427.988179836
72635290,31100.1036459297
72635295,29925.7216702357
72635296,31100.1036459297
72635298,31100.1036459297
72635300,29925.7216702357
72635301,31100.1036459297
72635304,31100.1036459297
72635308,31100.1036459297
72635311,31100.1036459297
72635312,40388.9760819751
72635319,31100.1036459297
72635325,39514.0874274476
72635326,39514.0874274476
72635327,39514.0874274476
72635328,39514.0874274476
72635343,31100.1036459297
72635344,31100.1036459297
72635346,31100.1036459297
72635347,39514.0874274476
72635348,31100.1036459297
72635351,39514.0874274476
72635358,31100.1036459297
72635359,29925.7216702357
72635360,31100.1036459297
72635362,29925.7216702357
72635364,31100.1036459297
72635365,31100.1036459297
72635371,31100.1036459297
72635377,29925.7216702357
72635379,31100.1036459297
72635382,31100.1036459297
72635396,31100.1036459297
72635397,39514.0874274476
72635399,31100.1036459297
72635400,31100.1036459297
72635401,29925.7216702357
72635412,29974.6691012756
72635416,39214.5941062811
72635429,29774.1063082385
72635433,29974.6691012756
72635435,31100.1036459297
72635436,31100.1036459297
72635441,31100.1036459297
72635447,29925.7216702357
72635450,40388.9760819751
72635459,31100.1036459297
72635460,31100.1036459297
72635461,31100.1036459297
72635463,31100.1036459297
72635465,39514.0874274476
72635467,31100.1036459297
72635474,31100.1036459297
72635475,31100.1036459297
72635477,29974.6691012756
72635483,31100.1036459297
72635489,29925.7216702357
72635492,39514.0874274476
72635498,31100.1036459297
72635501,31100.1036459297
72635503,31100.1036459297
72635511,31100.1036459297
72635512,48802.959863493
72635513,40388.9760819751
72635514,31100.1036459297
72635516,31100.1036459297
72635520,27014.0043983181
72635522,40388.9760819751
72635526,31100.1036459297
72635528,31100.1036459297
72635529,31100.1036459297
72635537,31100.1036459297
72635540,29974.6691012756
72635546,31100.1036459297
72635548,39514.0874274476
72635550,29925.7216702357
72635553,39514.0874274476
72635557,31100.1036459297
72635560,29553.31579001
72635564,31100.1036459297
72635566,31100.1036459297
72635574,31100.1036459297
72635576,31100.1036459297
72635578,31100.1036459297
72635584,31100.1036459297
72635585,39514.0874274476
72635586,39514.0874274476
72635587,31100.1036459297
72635590,31100.1036459297
72635593,31100.1036459297
72635597,31100.1036459297
72635598,31100.1036459297
72635599,31100.1036459297
72635603,31100.1036459297
72635605,31100.1036459297
72635606,29553.31579001
72635608,27014.0043983181
72635615,39514.0874274476
72635616,31100.1036459297
72635618,31100.1036459297
72635620,31100.1036459297
72635621,31100.1036459297
72635623,31100.1036459297
72635624,29925.7216702357
72635627,31100.1036459297
72635628,31100.1036459297
72635629,31100.1036459297
72635631,39514.0874274476
72635632,31100.1036459297
72635635,31100.1036459297
72635638,39514.0874274476
72635640,31100.1036459297
72635641,31100.1036459297
72635642,31100.1036459297
72635643,31100.1036459297
72635644,31100.1036459297
72635645,31100.1036459297
72635843,NA
72635847,NA
72635942,NA
72636273,NA
72636283,NA
72636285,NA
72636287,NA
72636289,NA
72636294,NA
72636295,NA
72636297,NA
72636303,NA
72636304,NA
72636310,NA
72636311,NA
72636314,NA
72636320,NA
72636321,NA
72636322,NA
72636324,NA
72636326,NA
72636328,NA
72636331,NA
72636333,NA
72636336,NA
72636337,NA
72636341,NA
72636355,NA
72636356,NA
72636360,NA
72636361,NA
72636363,NA
72636367,NA
72636379,NA
72636386,NA
72637071,NA
72637074,NA
72637095,NA
72637098,NA
72637099,NA
72637101,NA
72637113,NA
72637114,NA
72637115,NA
72637117,NA
72637119,NA
72637120,NA
72637121,NA
72637125,NA
72637166,NA
72637224,NA
72637246,NA
72637247,NA
72637249,NA
72637250,NA
72637252,NA
72637254,NA
72637257,NA
72637258,NA
72637261,NA
72637265,NA
72637267,NA
72637276,NA
72637283,NA
72637285,NA
72637288,NA
72637290,NA
72637291,NA
72637292,NA
72637293,NA
72637295,NA
72637819,21025.3524705711
72637825,28663.0621492269
72637826,28663.0621492269
72637828,28663.0621492269
72650018,NA
72650022,NA
72650026,NA
72650027,NA
72650035,NA
72650036,NA
72650038,NA
72650040,NA
72650047,NA
72650048,NA
72650052,NA
72650054,NA
72650058,NA
72650066,NA
72650068,NA
72650075,NA
72650086,NA
72650089,NA
72650112,NA
72650117,NA
72650119,NA
72650131,NA
72650135,NA
72650138,NA
72650145,NA
72650155,NA
72650157,NA
72650160,NA
72650161,NA
72650168,NA
72650171,NA
72650172,NA
72650180,NA
72650185,NA
72650189,NA
72650196,NA
72650200,NA
72650207,NA
72650209,NA
72650212,NA
72650213,NA
72650214,NA
72650225,NA
72650226,NA
72650251,NA
72650254,NA
72650920,NA
72651141,NA
72651147,NA
72651148,NA
72651149,NA
72651371,NA
72651488,NA
72651575,NA
72651924,NA
72652051,NA
72652420,NA
72653067,NA
72653314,NA
72653645,NA
72653646,NA
72653654,NA
72653657,NA
72653659,NA
72653660,NA
72653661,NA
72653672,NA
72653674,NA
72653684,NA
72653695,NA
72653696,NA
72653699,NA
72653702,NA
72653703,NA
72653704,NA
72653705,NA
72653707,NA
72653713,NA
72653714,NA
72653724,NA
72653728,NA
72653730,NA
72653736,NA
72653748,NA
72653749,NA
72653751,NA
72653759,NA
72653767,NA
72653843,NA
72654154,NA
72654312,NA
72654335,NA
72654337,NA
72654340,NA
72654349,NA
72654384,NA
72654386,NA
72654388,NA
72654390,NA
72654394,NA
72654397,NA
72654398,NA
72654402,NA
72654403,NA
72654404,NA
72654405,NA
72654406,NA
72654407,NA
72654408,NA
72654413,NA
72654414,NA
72654418,NA
72654419,NA
72654427,NA
72654430,NA
72654432,NA
72654434,NA
72654435,NA
72654436,NA
72654479,NA
72654484,NA
72656670,NA
72659491,NA
72659493,NA
72659517,NA
72659569,NA
72659577,NA
72659582,NA
72659583,NA
72659783,NA
72659835,NA
72659839,NA
72659841,NA
72659842,NA
72659845,NA
72659847,NA
72660266,NA
72660268,NA
72660279,NA
72660280,NA
72660298,NA
72660304,NA
72660306,NA
72660309,NA
72660313,NA
72660314,NA
72660315,NA
72660429,NA
72660431,NA
72661016,NA
72661019,NA
72661021,NA
72661063,NA
72661065,NA
72661097,NA
72661100,NA
72661108,NA
72661223,NA
72661296,NA
72661297,NA
72661447,NA
72661450,NA
72661468,NA
72661469,NA
72661474,NA
72661483,NA
72661485,NA
72661499,NA
72661500,NA
72661505,NA
72661513,NA
72661521,NA
72661527,NA
72661529,NA
72661532,NA
72661540,NA
72661545,NA
72661552,NA
72661567,NA
72661570,NA
72661574,NA
72661575,NA
72661576,NA
72661581,NA
72661584,NA
72661591,NA
72661594,NA
72661619,NA
72661629,NA
72661652,NA
72661654,NA
72661657,NA
72661658,NA
72661691,NA
72661733,NA
72661751,NA
72661752,NA
72661759,NA
72661764,NA
72661765,NA
72661789,NA
72661805,NA
72661829,NA
72661830,NA
72661838,NA
72661846,NA
72661857,NA
72661862,NA
72661871,NA
72661887,NA
72661893,NA
72661895,NA
72661897,NA
72661905,NA
72661918,NA
72661941,NA
72662163,NA
72662273,NA
72662306,NA
72662307,NA
72662363,NA
72662450,NA
72662466,NA
72662503,NA
72662506,NA
72662511,NA
72662513,NA
72662519,NA
72662521,NA
72662522,NA
72662525,NA
72662529,NA
72662532,NA
72662533,NA
72662536,NA
72662545,NA
72662546,NA
72662547,NA
72662571,NA
72662573,NA
72662579,NA
72662584,NA
72662593,NA
72662600,NA
72662607,NA
72662611,NA
72662614,NA
72662619,NA
72662620,NA
72662622,NA
72662626,NA
72662629,NA
72662637,NA
72662640,NA
72662651,NA
72662654,NA
72662661,NA
72662685,NA
72662694,NA
72662699,NA
72662719,NA
72662723,NA
72662728,NA
72662734,NA
72662737,NA
72662744,NA
72662746,NA
72662749,NA
72662751,NA
72662752,NA
72662761,NA
72662773,NA
72662782,NA
72662786,NA
72662801,NA
72662803,NA
72662804,NA
72662805,NA
72662807,NA
72662810,NA
72662812,NA
72662813,NA
72662819,NA
72662821,NA
72662822,NA
72662826,NA
72662828,NA
72662833,NA
72662834,NA
72662835,NA
72662842,NA
72662845,NA
72662849,NA
72662850,NA
72662851,NA
72662853,NA
72662854,NA
72662855,NA
72662858,NA
72662859,NA
72662860,NA
72662861,NA
72662865,NA
72662867,NA
72662874,NA
72662877,NA
72662878,NA
72662885,NA
72662889,NA
72662890,NA
72662891,NA
72662898,NA
72662907,NA
72662912,NA
72662916,NA
72662924,NA
72662925,NA
72662929,NA
72662930,NA
72662931,NA
72662941,NA
72662952,NA
72662959,NA
72662963,NA
72662978,NA
72662979,NA
72662982,NA
72662986,NA
72662992,NA
72662993,NA
72662999,NA
72663003,NA
72663004,NA
72663005,NA
72663006,NA
72663007,NA
72663015,NA
72663017,NA
72663023,NA
72663025,NA
72663027,NA
72663028,NA
72663029,NA
72663032,NA
72663040,NA
72663041,NA
72663042,NA
72663045,NA
72663060,NA
72663068,NA
72663069,NA
72663070,NA
72663073,NA
72663074,NA
72663077,NA
72663084,NA
72663087,NA
72663090,NA
72663091,NA
72663092,NA
72663103,NA
72663104,NA
72663106,NA
72663107,NA
72663111,NA
72663113,NA
72663114,NA
72663118,NA
72663119,NA
72663121,NA
72663123,NA
72663126,NA
72663129,NA
72663130,NA
72663131,NA
72663132,NA
72663135,NA
72663137,NA
72663139,NA
72663143,NA
72663146,NA
72663149,NA
72663157,NA
72663159,NA
72663160,NA
72663176,NA
72663182,NA
72663184,NA
72663277,NA
72665852,NA
72665856,NA
72666457,NA
72666466,NA
72666485,NA
72666486,NA
72666489,NA
72666533,NA
72666550,NA
72666652,NA
72666671,NA
72666672,NA
72666674,NA
72666679,NA
72666680,NA
72666685,NA
72666687,NA
72666695,NA
72666835,NA
72666841,NA
72666843,NA
72666854,NA
72666860,NA
72666862,NA
72666909,NA
72666946,NA
72666949,NA
72667128,NA
72667136,NA
72667194,NA
72667201,NA
72667202,NA
72667203,NA
72667209,NA
72667230,NA
72667233,NA
72667234,NA
72667254,NA
72667256,NA
72667257,NA
72667260,NA
72667262,NA
72667273,NA
72667276,NA
72667281,NA
72667282,NA
72667285,NA
72667286,NA
72667287,NA
72667290,NA
72667313,NA
72667520,NA
72667527,NA
72667528,NA
72667532,NA
72667536,NA
72667537,NA
72667538,NA
72667539,NA
72667544,NA
72667545,NA
72667637,NA
72667639,NA
72667644,NA
72667710,NA
72667712,NA
72667760,NA
72667761,NA
72667774,NA
72667784,NA
72667792,NA
72667804,NA
72667815,NA
72667828,NA
72667833,NA
72667842,NA
72667844,NA
72667846,NA
72667859,NA
72667870,NA
72667880,NA
72667885,NA
72667887,NA
72667888,NA
72667903,NA
72667918,NA
72667922,NA
72667930,NA
72667950,NA
72667952,NA
72667958,NA
72667969,NA
72668007,NA
72668008,NA
72668013,NA
72668022,NA
72668028,NA
72668049,NA
72668050,NA
72668057,NA
72668070,NA
72668071,NA
72668093,NA
72668095,NA
72668168,NA
72668199,NA
72668297,NA
72668334,NA
72668358,NA
72668361,NA
72668384,NA
72668387,NA
72668393,NA
72668395,NA
72668397,NA
72668409,NA
72668544,NA
72668558,NA
72669019,NA
72669048,NA
72669277,NA
72669398,NA
72669417,NA
72669540,NA
72669584,NA
72669718,NA
72669720,NA
72669721,NA
72669804,NA
72669849,NA
72669913,NA
72670019,NA
72670022,NA
72670025,NA
72670031,NA
72670032,NA
72670034,NA
72670037,NA
72670041,NA
72670042,NA
72670043,NA
72670045,NA
72670046,NA
72670050,NA
72670051,NA
72670056,NA
72670057,NA
72670060,NA
72670062,NA
72670066,NA
72670077,NA
72670083,NA
72670088,NA
72670092,NA
72670095,NA
72670100,NA
72670102,NA
72670104,NA
72670107,NA
72670111,NA
72670114,NA
72670118,NA
72670120,NA
72670125,NA
72670126,NA
72670127,NA
72670128,NA
72670131,NA
72670137,NA
72670138,NA
72670144,NA
72670145,NA
72670147,NA
72670151,NA
72670155,NA
72670157,NA
72670158,NA
72670159,NA
72670167,NA
72670188,NA
72670189,NA
72670192,NA
72670193,NA
72670194,NA
72670195,NA
72670196,NA
72670203,NA
72670205,NA
72670211,NA
72670231,NA
72670239,NA
72670240,NA
72670242,NA
72670249,NA
72670253,NA
72670254,NA
72670265,NA
72670266,NA
72670273,NA
72670278,NA
72670285,NA
72670287,NA
72670297,NA
72670300,NA
72670304,NA
72670305,NA
72670312,NA
72670315,NA
72670330,NA
72670332,NA
72670339,NA
72670340,NA
72670346,NA
72670347,NA
72670352,NA
72670358,NA
72670362,NA
72670367,NA
72670372,NA
72670376,NA
72670390,NA
72670392,NA
72670394,NA
72670401,NA
72670404,NA
72670409,NA
72670440,NA
72670472,NA
72670568,NA
72670622,NA
72670623,NA
72670631,NA
72670634,NA
72670640,NA
72670645,NA
72670648,NA
72670667,NA
72670675,NA
72670681,NA
72670699,NA
72670702,NA
72670744,NA
72670747,NA
72670755,NA
72670765,NA
72670775,NA
72670778,NA
72670788,NA
72670829,NA
72670838,NA
72670839,NA
72670847,NA
72670976,NA
72670979,NA
72670991,NA
72670994,NA
72670998,NA
72671014,NA
72671033,NA
72671653,24123.9439015387
72671656,NA
72671661,NA
72671664,NA
72671666,NA
72671668,NA
72671685,18222.9224682558
72671686,39708.1198342771
72671742,NA
72671746,NA
72671774,NA
72671775,NA
72671804,25849.2774626866
72671842,15214.0436880836
72671976,32537.9276830566
72671990,31294.1360527592
72671997,29480.2091885979
72672007,18461.9153431077
72672029,33020.4023158307
72672036,33020.4023158307
72672038,31294.1360527592
72672040,29480.2091885979
72672043,39708.1198342771
72672077,29480.2091885979
72672096,29480.2091885979
72672102,18461.9153431077
72672107,29480.2091885979
72672127,21066.22540708
72672131,28354.7746439438
72672143,32537.9276830566
72672166,25394.1099409863
72672183,31294.1360527592
72672185,29480.2091885979
72672221,29480.2091885979
72672230,29480.2091885979
72672232,18222.9224682558
72672235,18222.9224682558
72672256,29480.2091885979
72672260,24456.4183280143
72672261,24123.9439015387
72672288,29480.2091885979
72672303,18222.9224682558
72672310,21066.22540708
72672315,31294.1360527592
72672317,31294.1360527592
72672324,25849.2774626866
72672330,29480.2091885979
72672336,29480.2091885979
72672341,24606.4185343128
72672343,21066.22540708
72672349,29480.2091885979
72672352,29480.2091885979
72672361,29480.2091885979
72672363,29480.2091885979
72672364,18222.9224682558
72672365,21066.22540708
72672368,29480.2091885979
72672369,21066.22540708
72672372,29480.2091885979
72672373,26636.9062497737
72672376,15007.9738749685
72672380,46248.7533987369
72672388,18222.9224682558
72672389,32870.4021095322
72672404,25821.3747445877
72672406,39708.1198342771
72672410,25310.352310545
72672412,31294.1360527592
72672420,30821.7571292259
72672425,30821.7571292259
72672428,20210.7841310986
72672440,38809.8638948326
72672450,39708.1198342771
72672483,33020.4023158307
72672512,NA
72672516,39235.7409107438
72672570,38769.0816246433
72672577,24456.4183280143
72672578,28005.0554132074
72672660,31294.1360527592
72672671,25849.2774626866
72672746,20210.7841310986
72672788,15214.0436880836
72672804,30821.7571292259
72672805,30821.7571292259
72672838,NA
72672861,NA
72672866,NA
72672874,NA
72672880,NA
72672906,25310.352310545
72672921,18222.9224682558
72672995,30821.7571292259
72673025,25394.1099409863
72673201,25765.4566310256
72673222,15196.2657863679
72673230,34263.2612442045
72673271,29480.2091885979
72673302,20210.7841310986
72673332,30821.7571292259
72673347,16124.6848834869
72673368,15196.2657863679
72673384,30821.7571292259
72673399,20210.7841310986
72673404,32870.4021095322
72673469,NA
72673474,39235.7409107438
72673477,29480.2091885979
72673478,NA
72673479,29480.2091885979
72673480,21066.22540708
72673510,18222.9224682558
72673522,30355.0978431254
72673524,20210.7841310986
72673526,29480.2091885979
72673543,39235.7409107438
72673559,30395.8801133147
72673561,NA
72673565,32537.9276830566
72673566,26735.6578816142
72673568,21066.22540708
72673570,18222.9224682558
72673578,NA
72673588,NA
72673589,NA
72673591,NA
72673598,NA
72673621,NA
72673638,NA
72673642,NA
72673644,NA
72673651,NA
72673655,39728.0667922983
72673657,NA
72673659,NA
72673661,NA
72673664,NA
72673666,39708.1198342771
72673670,NA
72673674,NA
72673677,39408.6265131106
72673679,NA
72673680,NA
72673682,NA
72673683,NA
72673685,NA
72673689,15196.2657863679
72673692,NA
72673693,NA
72673695,NA
72673705,18222.9224682558
72673708,24606.4185343128
72673709,30119.7540770652
72673710,32537.9276830566
72673712,12911.9015507609
72673716,20210.7841310986
72673717,30395.8801133147
72673719,NA
72673721,24606.4185343128
72673726,33512.7281973852
72673728,24123.9439015387
72673733,38533.7378585831
72673734,29480.2091885979
72673753,17097.4879236016
72673761,NA
72673767,38809.8638948326
72673768,NA
72673770,NA
72673775,NA
72673777,NA
72673778,NA
72673785,NA
72673800,NA
72673801,NA
72673802,NA
72673805,NA
72673806,NA
72673811,NA
72673813,NA
72673814,NA
72673816,NA
72673824,NA
72673828,NA
72673829,NA
72673840,NA
72673841,NA
72673844,NA
72673866,NA
72673867,NA
72673871,NA
72673873,NA
72673877,NA
72673878,NA
72673881,21066.22540708
72673885,NA
72673886,NA
72673887,NA
72673888,NA
72673889,NA
72673890,NA
72673924,NA
72673926,NA
72674147,24123.9439015387
72674207,26708.4977293486
72674217,25849.2774626866
72674224,26309.7808657031
72674228,23549.7127898867
72674248,30821.7571292259
72674249,30821.7571292259
72674251,40110.6295652713
72674252,18222.9224682558
72674458,25849.2774626866
72674480,32095.8762971948
72674482,32095.8762971948
72674506,32095.8762971948
72674508,25849.2774626866
72674520,32095.8762971948
72674544,24723.8429180325
72674552,30821.7571292259
72674553,29480.2091885979
72674554,29480.2091885979
72674558,48996.9922703225
72674562,15196.2657863679
72674563,28005.0554132074
72674566,14070.8312417137
72674574,25821.3747445877
72674583,21066.22540708
72674586,30821.7571292259
72674593,54212.1153613332
72674595,40110.6295652713
72674606,18222.9224682558
72674615,21156.1170637218
72674618,30821.7571292259
72674628,24606.4185343128
72674629,24502.916124129
72674635,48098.736330878
72674636,29499.656567144
72674637,30821.7571292259
72674644,24123.9439015387
72674648,29480.2091885979
72674654,30821.7571292259
72674656,29480.2091885979
72674658,54212.1153613332
72674671,30821.7571292259
72674686,31314.0830107804
72674689,20210.7841310986
72674692,29480.2091885979
72674695,29480.2091885979
72674697,24606.4185343128
72674700,30821.7571292259
72674701,30395.8801133147
72674710,38769.0816246433
72674715,28005.0554132074
72674716,38809.8638948326
72674726,30821.7571292259
72674735,16568.6560598628
72674759,16124.6848834869
72674776,39235.7409107438
72674780,18222.9224682558
72674791,39684.7525493601
72674795,24456.4183280143
72674796,18222.9224682558
72674810,26879.6208685533
72674815,18222.9224682558
72674816,21066.22540708
72674855,30821.7571292259
72674856,29480.2091885979
72674874,30821.7571292259
72674876,26944.2737857588
72674877,30395.8801133147
72674884,32537.9276830566
72674887,32537.9276830566
72674889,35149.6416631321
72674890,35149.6416631321
72674898,31294.1360527592
72674900,18222.9224682558
72674902,39235.7409107438
72674906,32537.9276830566
72674909,30821.7571292259
72674915,44647.1300033221
72674919,43524.230962151
72674932,39708.1198342771
72674942,36618.4151199708
72674943,54212.1153613332
72674952,32537.9276830566
72674954,30821.7571292259
72674955,26636.9062497737
72674958,24123.9439015387
72674960,30355.0978431254
72674963,30821.7571292259
72674981,30149.2592784939
72674982,30821.7571292259
72674994,24606.4185343128
72674995,15196.2657863679
72674997,25310.352310545
72675016,39708.1198342771
72675018,39684.7525493601
72675020,54212.1153613332
72675025,30821.7571292259
72675026,29025.6773970406
72675053,25310.352310545
72675064,30821.7571292259
72675065,35358.2575672767
72675066,30119.7540770652
72675070,30821.7571292259
72675071,30821.7571292259
72675076,31294.1360527592
72675082,30821.7571292259
72675093,30119.7540770652
72675095,30821.7571292259
72675102,31294.1360527592
72675105,30821.7571292259
72675109,39684.7525493601
72675113,25821.3747445877
72675117,86608.0161883489
72675118,39235.7409107438
72675122,30821.7571292259
72675125,33020.4023158307
72675134,33020.4023158307
72675140,33020.4023158307
72675144,30821.7571292259
72675147,32870.4021095322
72675154,39235.7409107438
72675161,21066.22540708
72675171,34235.3585261056
72675176,26708.4977293486
72675179,43552.1336802499
72675184,23610.2495678858
72675189,39708.1198342771
72675190,33020.4023158307
72675191,31294.1360527592
72675197,20210.7841310986
72675200,25821.3747445877
72675202,30821.7571292259
72675203,30119.7540770652
72675212,30821.7571292259
72675215,30821.7571292259
72675220,30821.7571292259
72675221,30821.7571292259
72675225,30821.7571292259
72675234,63500.9877973785
72675257,39235.7409107438
72675258,30821.7571292259
72675259,26944.2737857588
72675267,30395.8801133147
72675268,24123.9439015387
72675270,24456.4183280143
72675271,30821.7571292259
72675277,23549.7127898867
72675278,25849.2774626866
72675280,21763.178215075
72675288,30395.8801133147
72675609,20210.7841310986
72675611,30395.8801133147
72675614,26944.2737857588
72675617,30395.8801133147
72675625,42309.2747518761
72675626,32870.4021095322
72675635,32537.9276830566
72675637,32537.9276830566
72675654,25849.2774626866
72675661,28545.8971811736
72675664,40110.6295652713
72675666,25633.4441143704
72675667,24123.9439015387
72675677,29025.6773970406
72675679,25765.4566310256
72675680,26944.2737857588
72675681,24123.9439015387
72675683,24538.6686650048
72675686,100714.648500546
72675687,28005.0554132074
72675701,25821.3747445877
72675702,25821.3747445877
72675705,24723.8429180325
72675706,26944.2737857588
72675707,24123.9439015387
72675709,24123.9439015387
72675711,28005.0554132074
72675714,39235.7409107438
72675716,24606.4185343128
72675717,24224.6832755692
72675722,30395.8801133147
72675729,30821.7571292259
72675735,25821.3747445877
72675738,35110.2471806331
72675740,24123.9439015387
72675746,24123.9439015387
72675747,24123.9439015387
72675751,21066.22540708
72675753,34263.2612442045
72675756,30821.7571292259
72675757,31294.1360527592
72675758,24123.9439015387
72675759,18222.9224682558
72675762,24123.9439015387
72675765,17097.4879236016
72675770,35358.2575672767
72675772,25849.2774626866
72675774,39235.7409107438
72675776,31314.0830107804
72675777,31314.0830107804
72675778,30395.8801133147
72675780,29025.6773970406
72675781,35358.2575672767
72675783,24123.9439015387
72675784,30395.8801133147
72675805,40110.6295652713
72675810,30821.7571292259
72675813,25849.2774626866
72675816,40110.6295652713
72675818,30821.7571292259
72675822,18222.9224682558
72675826,33137.8266995504
72675827,34263.2612442045
72675831,25849.2774626866
72675832,25849.2774626866
72675833,25849.2774626866
72675834,28545.8971811736
72675838,29025.6773970406
72675839,32537.9276830566
72675842,24123.9439015387
72675848,25821.3747445877
72675853,23874.5654553466
72675854,32537.9276830566
72675857,18211.8142978181
72675876,30821.7571292259
72675878,28005.0554132074
72675881,31294.1360527592
72675883,29480.2091885979
72675893,30395.8801133147
72675901,21066.22540708
72675902,14838.4991659075
72675909,30821.7571292259
72675912,38398.1276401468
72675914,30821.7571292259
72675919,30821.7571292259
72675920,18222.9224682558
72675924,28005.0554132074
72675925,28497.381294762
72675926,28005.0554132074
72675935,29499.656567144
72675938,32702.7913326106
72675941,30821.7571292259
72675946,32702.7913326106
72675950,21066.22540708
72675959,20210.7841310986
72675961,29025.6773970406
72675972,31294.1360527592
72675975,18222.9224682558
72675977,24123.9439015387
72675997,18222.9224682558
72676006,31294.1360527592
72676024,30821.7571292259
72676030,32537.9276830566
72676046,24123.9439015387
72676060,30395.8801133147
72676062,21066.22540708
72676064,32870.4021095322
72676065,24123.9439015387
72676066,15135.7290083688
72676068,32537.9276830566
72676069,14625.1112443653
72676076,30821.7571292259
72676082,21066.22540708
72676085,26944.2737857588
72676098,24695.9401999335
72676099,25821.3747445877
72676100,25821.3747445877
72676104,25310.352310545
72676105,48996.9922703225
72676109,30821.7571292259
72676110,20210.7841310986
72676136,28451.8284354449
72676138,30395.8801133147
72676140,30395.8801133147
72676142,28204.4313384529
72676337,67204.1837997439
72676338,35399.8417861187
72676342,58790.200018226
72676344,67204.1837997439
72676347,58790.200018226
72676349,43813.8255676366
72676905,NA
72676909,NA
72676910,NA
72676913,NA
72676941,NA
72676952,NA
72676968,NA
72676997,NA
72677026,NA
72677073,NA
72677074,NA
72677084,NA
72677085,NA
72677093,NA
72677095,NA
72677105,NA
72677108,NA
72677109,NA
72677112,NA
72677122,NA
72677128,NA
72677135,NA
72677137,NA
72677142,NA
72677153,NA
72677154,NA
72677156,NA
72677161,NA
72677162,NA
72677175,NA
72677180,NA
72677181,NA
72677182,NA
72677184,NA
72677185,NA
72677187,NA
72677195,NA
72677199,NA
72677204,NA
72677205,NA
72677207,NA
72677210,NA
72677213,NA
72677214,NA
72677220,NA
72677224,NA
72677225,NA
72677228,NA
72677234,NA
72677242,NA
72677254,NA
72677256,NA
72677257,NA
72677258,NA
72677263,NA
72677265,NA
72677288,NA
72677299,NA
72677304,NA
72677331,NA
72677350,NA
72677579,NA
72677581,NA
72677642,NA
72677653,NA
72677654,NA
72677662,NA
72677664,NA
72677665,NA
72677666,NA
72677740,NA
72678010,NA
72678016,NA
72678017,NA
72678018,NA
72678037,NA
72678041,NA
72678045,NA
72678048,NA
72678050,NA
72678052,NA
72678055,NA
72678056,NA
72678057,NA
72678059,NA
72678062,NA
72678072,NA
72678073,NA
72678075,NA
72678079,NA
72678084,NA
72678085,NA
72678087,NA
72678088,NA
72678089,NA
72678090,NA
72678096,NA
72678101,NA
72678102,NA
72678109,NA
72678111,NA
72678112,NA
72678116,NA
72678124,NA
72678128,NA
72678129,NA
72678132,NA
72678133,NA
72678139,NA
72678142,NA
72678149,NA
72678150,NA
72678200,NA
72678204,NA
72678214,NA
72678216,NA
72678217,NA
72678218,NA
72678224,NA
72678225,NA
72678227,NA
72678230,NA
72678232,NA
72678236,NA
72678237,NA
72678239,NA
72678241,NA
72678242,NA
72678254,NA
72678255,NA
72678257,NA
72678261,NA
72678270,NA
72678271,NA
72678273,NA
72678278,NA
72678280,NA
72678292,NA
72678293,NA
72678294,NA
72678296,NA
72678297,NA
72678299,NA
72678300,NA
72678304,NA
72678305,NA
72678308,NA
72678309,NA
72678310,NA
72678312,NA
72678341,NA
72678351,NA
72678353,NA
72678357,NA
72678365,NA
72678368,NA
72678369,NA
72678372,NA
72678375,NA
72678376,NA
72678377,NA
72678378,NA
72678379,NA
72678380,NA
72678390,NA
72678391,NA
72678392,NA
72678394,NA
72678405,NA
72678406,NA
72678412,NA
72678413,NA
72678419,NA
72678425,NA
72678430,NA
72678431,NA
72678436,NA
72678437,NA
72678438,NA
72678441,NA
72678443,NA
72678444,NA
72678446,NA
72678447,NA
72678458,NA
72678459,NA
72678461,NA
72678467,NA
72678472,NA
72678473,NA
72678474,NA
72678475,NA
72678489,NA
72678496,NA
72678498,NA
72678500,NA
72678505,NA
72678507,NA
72678511,NA
72678513,NA
72678515,NA
72678516,NA
72678527,NA
72678529,NA
72678531,NA
72678546,NA
72678561,NA
72678565,NA
72678566,NA
72678567,NA
72678568,NA
72678575,NA
72678576,NA
72678579,NA
72678581,NA
72678582,NA
72678583,NA
72678584,NA
72678586,NA
72678588,NA
72678590,NA
72678592,NA
72678596,NA
72678598,NA
72678601,NA
72678607,NA
72678610,NA
72678618,NA
72678621,NA
72678624,NA
72678628,NA
72678638,NA
72678639,NA
72678641,NA
72678644,NA
72678645,NA
72678647,NA
72678649,NA
72678652,NA
72678655,NA
72678656,NA
72678658,NA
72678660,NA
72678661,NA
72678662,NA
72678666,NA
72678671,NA
72678672,NA
72678676,NA
72678688,NA
72678689,NA
72678690,NA
72678691,NA
72678692,NA
72678693,NA
72678698,NA
72678706,NA
72678709,NA
72678710,NA
72678712,NA
72678717,NA
72678721,NA
72678722,NA
72678723,NA
72678725,NA
72678726,NA
72678728,NA
72678729,NA
72678732,NA
72678734,NA
72678752,NA
72678754,NA
72678771,NA
72678775,NA
72678791,NA
72678792,NA
72678795,NA
72678798,NA
72678799,NA
72678800,NA
72678801,NA
72678805,NA
72678806,NA
72678807,NA
72678812,NA
72678816,NA
72678817,NA
72678821,NA
72678825,NA
72678831,NA
72678836,NA
72678848,NA
72678880,NA
72678881,NA
72678889,NA
72678891,NA
72678895,NA
72678897,NA
72678899,NA
72678900,NA
72678902,NA
72678907,NA
72678910,NA
72678911,NA
72678918,NA
72678922,NA
72678924,NA
72678926,NA
72678928,NA
72678933,NA
72678939,NA
72678943,NA
72678945,NA
72678946,NA
72678949,NA
72678956,NA
72678958,NA
72678959,NA
72678961,NA
72678974,NA
72678975,NA
72678976,NA
72678980,NA
72678981,NA
72678983,NA
72678984,NA
72678985,NA
72678989,NA
72678990,NA
72678995,NA
72679002,NA
72679009,NA
72679010,NA
72679015,NA
72679018,NA
72679019,NA
72679020,NA
72679026,NA
72679032,NA
72679033,NA
72679035,NA
72679036,NA
72679042,NA
72679044,NA
72679045,NA
72679046,NA
72679048,NA
72679051,NA
72679052,NA
72679054,NA
72679055,NA
72679057,NA
72679061,NA
72679068,NA
72679070,NA
72679090,NA
72679091,NA
72679115,NA
72679123,NA
72679126,NA
72679128,NA
72679163,NA
72679164,NA
72679183,NA
72679211,NA
72679213,NA
72679217,NA
72679263,NA
72679274,NA
72679281,NA
72679284,NA
72679287,NA
72679290,NA
72679292,NA
72679294,NA
72679307,NA
72679324,NA
72679328,NA
72679331,NA
72679332,NA
72679353,NA
72679354,NA
72679357,NA
72679359,NA
72679361,NA
72679385,NA
72679388,NA
72679402,NA
72679406,NA
72679413,NA
72679414,NA
72679416,NA
72679418,NA
72679420,NA
72679424,NA
72679431,NA
72679433,NA
72679435,NA
72679437,NA
72679440,NA
72679444,NA
72679445,NA
72679449,NA
72679453,NA
72679459,NA
72679467,NA
72679469,NA
72679470,NA
72679472,NA
72679474,NA
72679475,NA
72679476,NA
72679477,NA
72679481,NA
72679482,NA
72679483,NA
72679485,NA
72679486,NA
72679489,NA
72679491,NA
72679493,NA
72679494,NA
72679495,NA
72679498,NA
72679509,NA
72679510,NA
72679515,NA
72679517,NA
72679526,NA
72679527,NA
72679528,NA
72679529,NA
72679713,NA
72679714,NA
72679717,NA
72679719,NA
72679723,NA
72679730,NA
72679733,NA
72679734,NA
72679735,NA
72679750,NA
72679751,NA
72679752,NA
72679777,NA
72679778,NA
72679791,NA
72679800,NA
72679804,NA
72679805,NA
72679811,NA
72679814,NA
72679815,NA
72679817,NA
72679819,NA
72679825,NA
72679827,NA
72679828,NA
72679829,NA
72679831,NA
72679832,NA
72679833,NA
72679834,NA
72679838,NA
72679844,NA
72679850,NA
72679851,NA
72679852,NA
72679853,NA
72679854,NA
72679859,NA
72679877,NA
72679881,NA
72679893,NA
72679898,NA
72679899,NA
72679900,NA
72679918,NA
72679919,NA
72679920,NA
72679921,NA
72679922,NA
72679924,NA
72679930,NA
72679935,NA
72679937,NA
72679939,NA
72679940,NA
72679941,NA
72679942,NA
72679943,NA
72679945,NA
72679947,NA
72679949,NA
72679955,NA
72679957,NA
72679964,NA
72679969,NA
72679971,NA
72679973,NA
72679976,NA
72679980,NA
72679982,NA
72679984,NA
72679985,NA
72679989,NA
72679993,NA
72679998,NA
72680000,NA
72680001,NA
72680003,NA
72680004,NA
72680006,NA
72680008,NA
72680024,NA
72680038,NA
72680044,NA
72680048,NA
72680051,NA
72680059,NA
72680060,NA
72680063,NA
72680064,NA
72680066,NA
72680070,NA
72680074,NA
72680078,NA
72680079,NA
72680080,NA
72680082,NA
72680084,NA
72680093,NA
72680094,NA
72680096,NA
72680098,NA
72680099,NA
72680101,NA
72680102,NA
72680103,NA
72680106,NA
72680107,NA
72680110,NA
72680114,NA
72680118,NA
72680120,NA
72680122,NA
72680143,NA
72680145,NA
72680146,NA
72680147,NA
72680155,NA
72680156,NA
72680159,NA
72680161,NA
72680165,NA
72680169,NA
72680170,NA
72680171,NA
72680172,NA
72680173,NA
72680174,NA
72680178,NA
72680180,NA
72680185,NA
72680186,NA
72680191,NA
72680196,NA
72680198,NA
72680201,NA
72680203,NA
72680205,NA
72680206,NA
72680207,NA
72680210,NA
72680214,NA
72680219,NA
72680220,NA
72680222,NA
72680223,NA
72680226,NA
72680228,NA
72680230,NA
72680236,NA
72680242,NA
72680305,NA
72680372,NA
72680393,NA
72680398,NA
72680688,NA
72680697,NA
72680700,NA
72680704,NA
72680718,NA
72680722,NA
72680731,NA
72680737,NA
72680740,NA
72680773,NA
72680778,NA
72680790,NA
72680832,NA
72680850,NA
72680891,NA
72680907,NA
72680916,NA
72680925,NA
72681153,NA
72681226,NA
72681258,NA
72681472,NA
72681585,NA
72681744,NA
72681851,NA
72681860,NA
72682010,NA
72682612,NA
72682640,NA
72682644,NA
72682648,NA
72682649,NA
72682654,NA
72682891,NA
72682893,NA
72682895,NA
72682898,NA
72682906,NA
72682915,NA
72682929,NA
72683172,NA
72683175,NA
72683178,NA
72683179,NA
72683180,NA
72683182,NA
72683185,NA
72683258,NA
72683260,NA
72683266,NA
72683267,NA
72683268,NA
72683275,NA
72683277,NA
72683289,NA
72683301,NA
72683374,NA
72683375,NA
72683377,NA
72683571,NA
72683575,NA
72683578,NA
72683579,NA
72683582,NA
72683585,NA
72683595,NA
72683597,NA
72683622,26750.985353036
72683642,35164.9691345539
72683664,26750.985353036
72683685,26750.985353036
72683691,26750.985353036
72683700,26750.985353036
72683705,26750.985353036
72683719,26750.985353036
72683723,35164.9691345539
72683726,26750.985353036
72683727,26750.985353036
72683728,26750.985353036
72683729,35164.9691345539
72683730,26750.985353036
72683734,26750.985353036
72683736,26750.985353036
72683737,26750.985353036
72683739,26750.985353036
72683753,35164.9691345539
72683754,26750.985353036
72683759,26750.985353036
72683760,26750.985353036
72683768,35164.9691345539
72683769,26750.985353036
72683771,26750.985353036
72683773,26750.985353036
72683775,26750.985353036
72683777,35164.9691345539
72683779,26750.985353036
72683781,35164.9691345539
72683782,35164.9691345539
72683785,26750.985353036
72683789,36039.8577890814
72683792,26750.985353036
72683793,36039.8577890814
72683795,35164.9691345539
72683799,26750.985353036
72683801,26750.985353036
72683802,35164.9691345539
72683806,35164.9691345539
72683808,35164.9691345539
72683811,26750.985353036
72683812,26750.985353036
72683813,26750.985353036
72683839,26750.985353036
72683871,NA
72683887,NA
72683893,NA
72683895,NA
72683899,NA
72683900,NA
72683903,NA
72683904,NA
72683905,NA
72683910,NA
72683939,NA
72683958,NA
72683959,NA
72683960,NA
72683962,NA
72683964,NA
72684005,NA
72684009,NA
72684011,NA
72684012,NA
72684013,NA
72684058,NA
72684151,NA
72684162,NA
72684163,NA
72684166,NA
72684170,NA
72684172,NA
72684235,NA
72684239,NA
72684241,NA
72684242,NA
72684290,NA
72684301,NA
72684308,NA
72684357,NA
72684363,NA
72684392,NA
72684397,NA
72684404,NA
72684408,NA
72684410,NA
72684411,NA
72684415,NA
72684418,NA
72684420,NA
72684421,NA
72684422,NA
72684426,NA
72684427,NA
72684431,NA
72684434,NA
72684435,NA
72684436,NA
72684437,NA
72684438,NA
72684441,NA
72684446,NA
72684449,NA
72684451,NA
72684452,NA
72684455,NA
72684460,NA
72684463,NA
72684467,NA
72684468,NA
72684469,NA
72684473,NA
72684475,NA
72684476,NA
72684477,NA
72684487,NA
72684503,43387.9485517255
72684507,34973.9647702075
72684509,34973.9647702075
72684511,34973.9647702075
72684512,43387.9485517255
72684527,NA
72684531,NA
72684950,NA
72684952,NA
72684967,NA
72684969,NA
72684985,NA
72684989,NA
72684990,NA
72685032,NA
72685037,NA
72685038,NA
72686882,NA
72687297,NA
72687321,NA
72687397,NA
72687403,NA
72687421,NA
72687422,NA
72687424,NA
72687448,NA
72687449,NA
72687452,NA
72687453,NA
72687458,NA
72687461,NA
72687465,NA
72687476,NA
72687482,NA
72687483,NA
72687487,NA
72687488,NA
72687490,NA
72687494,NA
72687510,NA
72687514,NA
72687515,NA
72687527,NA
72687530,NA
72687533,NA
72687537,NA
72687545,NA
72687553,NA
72687561,NA
72687567,NA
72687568,NA
72687570,NA
72687571,NA
72687572,NA
72687594,NA
72687595,NA
72687598,NA
72687617,NA
72687625,NA
72687626,NA
72687632,NA
72687708,NA
72687713,NA
72687743,NA
72687766,NA
72687768,NA
72687775,NA
72687784,NA
72687788,NA
72687789,NA
72687793,NA
72687804,NA
72687809,NA
72687810,NA
72687823,NA
72687825,NA
72687832,NA
72687845,NA
72687846,NA
72687861,NA
72687868,NA
72687877,NA
72687968,NA
72687971,NA
72687977,NA
72687978,NA
72687986,NA
72688006,NA
72688013,NA
72688017,NA
72688024,NA
72688026,NA
72688028,NA
72688050,NA
72688051,NA
72688065,NA
72688070,NA
72688077,NA
72688079,NA
72688082,NA
72688084,NA
72688094,NA
72688099,NA
72688104,NA
72688106,NA
72688111,NA
72688114,NA
72688118,NA
72688140,NA
72688145,NA
72688148,NA
72688150,NA
72688153,NA
72688163,NA
72688164,NA
72688167,NA
72688174,NA
72688177,NA
72688183,NA
72688258,NA
72688260,NA
72688273,NA
72688297,NA
72688300,NA
72688302,NA
72688304,NA
72688309,NA
72688311,NA
72688327,NA
72688366,NA
72688372,NA
72688373,NA
72688387,NA
72688389,NA
72688395,NA
72688396,NA
72688397,NA
72688399,NA
72688401,NA
72688402,NA
72688405,NA
72688409,NA
72688412,NA
72688426,NA
72688433,NA
72688434,NA
72688436,NA
72688443,NA
72688445,NA
72688446,NA
72688447,NA
72688453,NA
72688456,NA
72688459,NA
72688460,NA
72688461,NA
72688464,NA
72688465,NA
72688466,NA
72688468,NA
72688472,NA
72688476,NA
72688477,NA
72688478,NA
72688481,NA
72688485,NA
72688488,NA
72688489,NA
72688493,NA
72688495,NA
72688496,NA
72688499,NA
72688500,NA
72688501,NA
72688504,NA
72688505,NA
72688509,NA
72688510,NA
72688518,NA
72688519,NA
72688523,NA
72688529,NA
72688530,NA
72688531,NA
72688532,NA
72688533,NA
72688534,NA
72688537,NA
72688539,NA
72688541,NA
72688542,NA
72688544,NA
72688545,NA
72688554,NA
72688557,NA
72688561,NA
72688562,NA
72688563,NA
72688564,NA
72688565,NA
72688567,NA
72688569,NA
72688571,NA
72688572,NA
72688573,NA
72688576,NA
72688577,NA
72688580,NA
72688581,NA
72688582,NA
72688583,NA
72688587,NA
72688589,NA
72688592,NA
72688596,NA
72688597,NA
72688599,NA
72688600,NA
72688603,NA
72688608,NA
72688613,NA
72688614,NA
72688616,NA
72688617,NA
72688621,NA
72688624,NA
72688626,NA
72688628,NA
72688631,NA
72688632,NA
72688637,NA
72688641,NA
72688648,NA
72688649,NA
72688652,NA
72688654,NA
72688655,NA
72688656,NA
72688657,NA
72688658,NA
72688661,NA
72688663,NA
72688669,NA
72688674,NA
72688678,NA
72688682,NA
72688684,NA
72688688,NA
72688689,NA
72688690,NA
72688691,NA
72688692,NA
72688693,NA
72688694,NA
72688696,NA
72688698,NA
72688699,NA
72688703,NA
72688704,NA
72688705,NA
72688712,NA
72688713,NA
72688714,NA
72688716,NA
72688717,NA
72688725,NA
72688729,NA
72688730,NA
72688731,NA
72688734,NA
72688736,NA
72688739,NA
72688741,NA
72688748,NA
72688755,NA
72688756,NA
72688757,NA
72688759,NA
72688760,NA
72688761,NA
72688763,NA
72688766,NA
72688767,NA
72688769,NA
72688772,NA
72688773,NA
72688776,NA
72688777,NA
72688780,NA
72688781,NA
72688783,NA
72688789,NA
72688790,NA
72688793,NA
72688804,NA
72688805,NA
72688806,NA
72688807,NA
72688811,NA
72688817,NA
72688819,NA
72688820,NA
72688821,NA
72688822,NA
72688824,NA
72688825,NA
72688828,NA
72688830,NA
72688831,NA
72688832,NA
72688833,NA
72688834,NA
72688835,NA
72688840,NA
72688841,NA
72688845,NA
72688846,NA
72688849,NA
72688850,NA
72688855,NA
72688858,NA
72688860,NA
72688864,NA
72688865,NA
72688869,NA
72688870,NA
72688874,NA
72688875,NA
72688876,NA
72688877,NA
72688879,NA
72688890,NA
72688891,NA
72688892,NA
72688894,NA
72688895,NA
72688898,NA
72688899,NA
72688902,NA
72688903,NA
72688905,NA
72688906,NA
72688910,NA
72688912,NA
72688915,NA
72688931,NA
72688932,NA
72688933,NA
72688934,NA
72688935,NA
72688936,NA
72688937,NA
72688938,NA
72688940,NA
72688941,NA
72688944,NA
72688947,NA
72688949,NA
72688955,NA
72688956,NA
72688958,NA
72688960,NA
72688962,NA
72688963,NA
72688965,NA
72688967,NA
72688970,NA
72688972,NA
72688973,NA
72688975,NA
72688976,NA
72688977,NA
72688978,NA
72688979,NA
72688980,NA
72688984,NA
72688985,NA
72688986,NA
72688990,NA
72688993,NA
72688994,NA
72688998,NA
72689000,NA
72689001,NA
72689005,NA
72689008,NA
72689013,NA
72689014,NA
72689015,NA
72689016,NA
72689017,NA
72689020,NA
72689024,NA
72689025,NA
72689027,NA
72689030,NA
72689033,NA
72689034,NA
72689035,NA
72689039,NA
72689046,NA
72689047,NA
72689052,NA
72689053,NA
72689054,NA
72689057,NA
72689059,NA
72689061,NA
72689066,NA
72689068,NA
72689069,NA
72689076,NA
72689077,NA
72689080,NA
72689084,NA
72689085,NA
72689086,NA
72689087,NA
72689091,NA
72689092,NA
72689093,NA
72689096,NA
72689097,NA
72689100,NA
72689102,NA
72689103,NA
72689113,NA
72689114,NA
72689115,NA
72689117,NA
72689120,NA
72689124,NA
72689125,NA
72689126,NA
72689127,NA
72689128,NA
72689130,NA
72689134,NA
72689135,NA
72689140,NA
72689143,NA
72689147,NA
72689148,NA
72689154,NA
72689155,NA
72689164,NA
72689167,NA
72689168,NA
72689177,NA
72689181,NA
72689182,NA
72689183,NA
72689184,NA
72689185,NA
72689188,NA
72689189,NA
72689191,NA
72689195,NA
72689196,NA
72689197,NA
72689198,NA
72689199,NA
72689200,NA
72689201,NA
72689204,NA
72689205,NA
72689207,NA
72689210,NA
72689211,NA
72689212,NA
72689213,NA
72689214,NA
72689216,NA
72689217,NA
72689219,NA
72689227,NA
72689231,NA
72689233,NA
72689236,NA
72689238,NA
72689240,NA
72689243,NA
72689245,NA
72689246,NA
72689247,NA
72689248,NA
72689255,NA
72689259,NA
72689260,NA
72689265,NA
72689269,NA
72689270,NA
72689271,NA
72689273,NA
72689276,NA
72689277,NA
72689279,NA
72689283,NA
72689285,NA
72689287,NA
72689289,NA
72689291,NA
72689293,NA
72689294,NA
72689296,NA
72689297,NA
72689298,NA
72689300,NA
72689303,NA
72689305,NA
72689306,NA
72689307,NA
72689308,NA
72689309,NA
72689311,NA
72689313,NA
72689322,NA
72689323,NA
72689325,NA
72689326,NA
72689327,NA
72689328,NA
72689329,NA
72689332,NA
72689333,NA
72689336,NA
72689338,NA
72689339,NA
72689340,NA
72689342,NA
72689343,NA
72689345,NA
72689346,NA
72689347,NA
72689352,NA
72689353,NA
72689354,NA
72689355,NA
72689357,NA
72689359,NA
72689360,NA
72689363,NA
72689364,NA
72689368,NA
72689373,NA
72689374,NA
72689375,NA
72689379,NA
72689380,NA
72689389,NA
72689395,NA
72689396,NA
72689398,NA
72689403,NA
72689404,NA
72689406,NA
72689407,NA
72689408,NA
72689409,NA
72689419,NA
72689420,NA
72689421,NA
72689422,NA
72689423,NA
72689425,NA
72689427,NA
72689428,NA
72689430,NA
72689433,NA
72689434,NA
72689442,NA
72689447,NA
72689449,NA
72689453,NA
72689458,NA
72689459,NA
72689460,NA
72689461,NA
72689462,NA
72689463,NA
72689465,NA
72689468,NA
72689470,NA
72689472,NA
72689474,NA
72689475,NA
72689476,NA
72689477,NA
72689478,NA
72689483,NA
72689484,NA
72689487,NA
72689488,NA
72689490,NA
72689491,NA
72689493,NA
72689494,NA
72689495,NA
72689496,NA
72689499,NA
72689500,NA
72689503,NA
72689508,NA
72689514,NA
72689517,NA
72689527,NA
72689528,NA
72689529,NA
72689531,NA
72689532,NA
72689534,NA
72689535,NA
72689537,NA
72689538,NA
72689541,NA
72689543,NA
72689544,NA
72689545,NA
72689546,NA
72689547,NA
72689548,NA
72689549,NA
72689551,NA
72689552,NA
72689553,NA
72689554,NA
72689556,NA
72689559,NA
72689560,NA
72689565,NA
72689567,NA
72689569,NA
72689571,NA
72689575,NA
72689576,NA
72689578,NA
72689579,NA
72689580,NA
72689584,NA
72689590,NA
72689595,NA
72689597,NA
72689598,NA
72689599,NA
72689600,NA
72689605,NA
72689607,NA
72689612,NA
72689616,NA
72689617,NA
72689619,NA
72689620,NA
72689622,NA
72689624,NA
72689628,NA
72689629,NA
72689632,NA
72689634,NA
72689644,NA
72689646,NA
72689648,NA
72689649,NA
72689650,NA
72689651,NA
72689655,NA
72689658,NA
72689662,NA
72689664,NA
72689667,NA
72689668,NA
72689669,NA
72689672,NA
72689674,NA
72689675,NA
72689681,NA
72689687,NA
72689688,NA
72689691,NA
72689692,NA
72689694,NA
72689699,NA
72689700,NA
72689701,NA
72689702,NA
72689708,NA
72689714,NA
72689716,NA
72689718,NA
72689722,NA
72689726,NA
72689729,NA
72689730,NA
72689732,NA
72689733,NA
72689735,NA
72689741,NA
72689744,NA
72689746,NA
72689747,NA
72689748,NA
72689753,NA
72689758,NA
72689762,NA
72689765,NA
72689766,NA
72689767,NA
72689768,NA
72689769,NA
72689771,NA
72689772,NA
72689773,NA
72689776,NA
72689777,NA
72689778,NA
72689780,NA
72689781,NA
72689782,NA
72689783,NA
72689784,NA
72689787,NA
72689788,NA
72689789,NA
72689790,NA
72689791,NA
72689793,NA
72689794,NA
72689795,NA
72689797,NA
72689799,NA
72689800,NA
72689801,NA
72689806,NA
72689809,NA
72689810,NA
72689811,NA
72689812,NA
72689821,NA
72689829,NA
72689831,NA
72689834,NA
72689835,NA
72689841,NA
72689842,NA
72689843,NA
72689844,NA
72689846,NA
72689847,NA
72689848,NA
72689849,NA
72689850,NA
72689854,NA
72689855,NA
72689856,NA
72689857,NA
72689858,NA
72689859,NA
72689860,NA
72689861,NA
72689862,NA
72689863,NA
72689865,NA
72689866,NA
72689867,NA
72689870,NA
72689877,NA
72689878,NA
72689880,NA
72689881,NA
72689882,NA
72689884,NA
72689885,NA
72689890,NA
72689894,NA
72689896,NA
72689897,NA
72689900,NA
72689902,NA
72689904,NA
72689907,NA
72689908,NA
72689911,NA
72689913,NA
72689915,NA
72689916,NA
72689917,NA
72689924,NA
72689925,NA
72689926,NA
72689928,NA
72689932,NA
72689933,NA
72689935,NA
72689936,NA
72689945,NA
72689946,NA
72689947,NA
72689949,NA
72689955,NA
72689956,NA
72689957,NA
72689960,NA
72689966,NA
72689967,NA
72689972,NA
72689973,NA
72689976,NA
72689980,NA
72689982,NA
72689983,NA
72689984,NA
72689987,NA
72689988,NA
72689990,NA
72689993,NA
72689995,NA
72689996,NA
72689998,NA
72690001,NA
72690004,NA
72690006,NA
72690011,NA
72690013,NA
72690014,NA
72690015,NA
72690016,NA
72690018,NA
72690021,NA
72690023,NA
72690024,NA
72690025,NA
72690028,NA
72690030,NA
72690032,NA
72690034,NA
72690039,NA
72690040,NA
72690041,NA
72690042,NA
72690043,NA
72690044,NA
72690046,NA
72690049,NA
72690051,NA
72690060,NA
72690063,NA
72690064,NA
72690065,NA
72690067,NA
72690070,NA
72690071,NA
72690078,NA
72690080,NA
72690083,NA
72690085,NA
72690086,NA
72690089,NA
72690091,NA
72690092,NA
72690096,NA
72690101,NA
72690102,NA
72690104,NA
72690108,NA
72690116,NA
72690120,NA
72690122,NA
72690124,NA
72690125,NA
72690129,NA
72690130,NA
72690132,NA
72690133,NA
72690136,NA
72690138,NA
72690141,NA
72690142,NA
72690144,NA
72690147,NA
72690148,NA
72690152,NA
72690154,NA
72690155,NA
72690157,NA
72690161,NA
72690163,NA
72690165,NA
72690166,NA
72690167,NA
72690168,NA
72690171,NA
72690173,NA
72690180,NA
72690181,NA
72690183,NA
72690184,NA
72690185,NA
72690191,NA
72690193,NA
72690194,NA
72690196,NA
72690200,NA
72690209,NA
72690232,NA
72690233,NA
72690241,NA
72690242,NA
72690243,NA
72690245,NA
72690246,NA
72690247,NA
72690248,NA
72690251,NA
72690253,NA
72690254,NA
72690255,NA
72690256,NA
72690257,NA
72690258,NA
72690261,NA
72690264,NA
72690266,NA
72690270,NA
72690272,NA
72690273,NA
72690274,NA
72690276,NA
72690279,NA
72690282,NA
72690287,NA
72690289,NA
72690293,NA
72690295,NA
72690302,NA
72690304,NA
72690305,NA
72690306,NA
72690312,NA
72690314,NA
72690315,NA
72690317,NA
72690319,NA
72690322,NA
72690323,NA
72690324,NA
72690327,NA
72690329,NA
72690331,NA
72690334,NA
72690335,NA
72690336,NA
72690338,NA
72690339,NA
72690340,NA
72690342,NA
72690343,NA
72690353,NA
72690355,NA
72690359,NA
72690360,NA
72690362,NA
72690366,NA
72690370,NA
72690373,NA
72690375,NA
72690378,NA
72690379,NA
72690386,NA
72690389,NA
72690391,NA
72690393,NA
72690399,NA
72690404,NA
72690412,NA
72690413,NA
72690414,NA
72690416,NA
72690419,NA
72690426,NA
72690427,NA
72690432,NA
72690433,NA
72690435,NA
72690436,NA
72690438,NA
72690442,NA
72690443,NA
72690445,NA
72690446,NA
72690447,NA
72690448,NA
72690451,NA
72690452,NA
72690453,NA
72690456,NA
72690457,NA
72690465,NA
72690473,NA
72690474,NA
72690480,NA
72690482,NA
72690484,NA
72690485,NA
72690486,NA
72690492,NA
72690493,NA
72690494,NA
72690495,NA
72690497,NA
72690499,NA
72690501,NA
72690508,NA
72690513,NA
72690514,NA
72690515,NA
72690516,NA
72690517,NA
72690520,NA
72690521,NA
72690522,NA
72690533,NA
72690534,NA
72690535,NA
72690536,NA
72690537,NA
72690539,NA
72690542,NA
72690544,NA
72690546,NA
72690548,NA
72690549,NA
72690550,NA
72690553,NA
72690554,NA
72690556,NA
72690558,NA
72690559,NA
72690564,NA
72690568,NA
72690569,NA
72690573,NA
72690575,NA
72690576,NA
72690579,NA
72690580,NA
72690583,NA
72690587,NA
72690592,NA
72690595,NA
72690599,NA
72690602,NA
72690603,NA
72690605,NA
72690609,NA
72690610,NA
72690611,NA
72690615,NA
72690616,NA
72690619,NA
72690623,NA
72690624,NA
72690625,NA
72690626,NA
72690629,NA
72690630,NA
72690631,NA
72690632,NA
72690634,NA
72690639,NA
72690640,NA
72690641,NA
72690643,NA
72690644,NA
72690645,NA
72690646,NA
72690650,NA
72690653,NA
72690654,NA
72690655,NA
72690656,NA
72690657,NA
72690658,NA
72690661,NA
72690664,NA
72690665,NA
72690666,NA
72690667,NA
72690674,NA
72690676,NA
72690678,NA
72690679,NA
72690689,NA
72690690,NA
72690694,NA
72690696,NA
72690697,NA
72690698,NA
72690699,NA
72690704,NA
72690705,NA
72690711,NA
72690713,NA
72690715,NA
72690716,NA
72690725,NA
72690727,NA
72690728,NA
72690732,NA
72690733,NA
72690735,NA
72690736,NA
72690740,NA
72690741,NA
72690742,NA
72690744,NA
72690745,NA
72690746,NA
72690749,NA
72690750,NA
72690751,NA
72690757,NA
72690761,NA
72690762,NA
72690764,NA
72690766,NA
72690768,NA
72690769,NA
72690770,NA
72690771,NA
72690773,NA
72690774,NA
72690775,NA
72690776,NA
72690778,NA
72690779,NA
72690781,NA
72690782,NA
72690784,NA
72690785,NA
72690787,NA
72690790,NA
72690793,NA
72690794,NA
72690795,NA
72690797,NA
72690800,NA
72690801,NA
72690811,NA
72690812,NA
72690817,NA
72690818,NA
72690819,NA
72690821,NA
72690823,NA
72690824,NA
72690825,NA
72690829,NA
72690831,NA
72690832,NA
72690834,NA
72690836,NA
72690837,NA
72690838,NA
72690842,NA
72690844,NA
72690846,NA
72690847,NA
72690848,NA
72690849,NA
72690850,NA
72690851,NA
72690857,NA
72690858,NA
72690861,NA
72690866,NA
72690868,NA
72690869,NA
72690871,NA
72690872,NA
72690874,NA
72690875,NA
72690876,NA
72690877,NA
72690878,NA
72690880,NA
72690884,NA
72690886,NA
72690889,NA
72690890,NA
72690894,NA
72690895,NA
72690896,NA
72690897,NA
72690902,NA
72690904,NA
72690907,NA
72690910,NA
72690912,NA
72690916,NA
72690917,NA
72690918,NA
72690919,NA
72690923,NA
72690924,NA
72690926,NA
72690929,NA
72690930,NA
72690931,NA
72690934,NA
72690935,NA
72690939,NA
72690940,NA
72690941,NA
72690942,NA
72690945,NA
72690947,NA
72690954,NA
72690957,NA
72690969,NA
72690971,NA
72690973,NA
72690975,NA
72690976,NA
72690978,NA
72690979,NA
72690982,NA
72690984,NA
72690985,NA
72690986,NA
72690988,NA
72690990,NA
72690991,NA
72690994,NA
72690995,NA
72690997,NA
72691002,NA
72691003,NA
72691006,NA
72691007,NA
72691009,NA
72691010,NA
72691013,NA
72691014,NA
72691017,NA
72691020,NA
72691024,NA
72691028,NA
72691032,NA
72691033,NA
72691036,NA
72691037,NA
72691038,NA
72691040,NA
72691053,NA
72691059,NA
72691060,NA
72691061,NA
72691068,NA
72691072,NA
72691074,NA
72691075,NA
72691076,NA
72691077,NA
72691078,NA
72691080,NA
72691081,NA
72691082,NA
72691083,NA
72691085,NA
72691086,NA
72691087,NA
72691088,NA
72691090,NA
72691091,NA
72691095,NA
72691096,NA
72691101,NA
72691102,NA
72691103,NA
72691105,NA
72691107,NA
72691108,NA
72691109,NA
72691110,NA
72691113,NA
72691114,NA
72691119,NA
72691123,NA
72691127,NA
72691129,NA
72691131,NA
72691135,NA
72691136,NA
72691141,NA
72691142,NA
72691143,NA
72691149,NA
72691150,NA
72691151,NA
72691152,NA
72691154,NA
72691156,NA
72691158,NA
72691159,NA
72691160,NA
72691163,NA
72691164,NA
72691166,NA
72691168,NA
72691169,NA
72691170,NA
72691172,NA
72691174,NA
72691175,NA
72691176,NA
72691177,NA
72691178,NA
72691179,NA
72691180,NA
72691185,NA
72691188,NA
72691190,NA
72691191,NA
72691192,NA
72691194,NA
72691195,NA
72691196,NA
72691198,NA
72691201,NA
72691204,NA
72691205,NA
72691207,NA
72691210,NA
72691212,NA
72691213,NA
72691214,NA
72691218,NA
72691220,NA
72691222,NA
72691224,NA
72691228,NA
72691230,NA
72691231,NA
72691236,NA
72691238,NA
72691243,NA
72691245,NA
72691246,NA
72691248,NA
72691251,NA
72691254,NA
72691256,NA
72691257,NA
72691258,NA
72691262,NA
72691266,NA
72691267,NA
72691268,NA
72691272,NA
72691274,NA
72691279,NA
72691280,NA
72691281,NA
72691283,NA
72691286,NA
72691289,NA
72691290,NA
72691292,NA
72691293,NA
72691294,NA
72691295,NA
72691296,NA
72691297,NA
72691298,NA
72691299,NA
72691308,NA
72691311,NA
72691312,NA
72691313,NA
72691314,NA
72691326,NA
72691332,NA
72691333,NA
72691334,NA
72691336,NA
72691337,NA
72691338,NA
72691339,NA
72691340,NA
72691341,NA
72691346,NA
72691347,NA
72691348,NA
72691350,NA
72691351,NA
72691352,NA
72691354,NA
72691356,NA
72691365,NA
72691367,NA
72691368,NA
72691370,NA
72691371,NA
72691376,NA
72691379,NA
72691381,NA
72691382,NA
72691383,NA
72691384,NA
72691385,NA
72691386,NA
72691387,NA
72691388,NA
72691389,NA
72691390,NA
72691391,NA
72691392,NA
72691394,NA
72691395,NA
72691397,NA
72691401,NA
72691409,NA
72691410,NA
72691411,NA
72691416,NA
72691417,NA
72691418,NA
72691419,NA
72691420,NA
72691421,NA
72691422,NA
72691425,NA
72691426,NA
72691430,NA
72691439,NA
72691440,NA
72691442,NA
72691443,NA
72691444,NA
72691447,NA
72691449,NA
72691456,NA
72691459,NA
72691460,NA
72691464,NA
72691465,NA
72691466,NA
72691467,NA
72691468,NA
72691469,NA
72691470,NA
72691471,NA
72691472,NA
72691474,NA
72691478,NA
72691485,NA
72691487,NA
72691491,NA
72691497,NA
72691501,NA
72691504,NA
72691516,NA
72691517,NA
72691518,NA
72691520,NA
72691522,NA
72691524,NA
72691526,NA
72691527,NA
72691528,NA
72691530,NA
72691531,NA
72691532,NA
72691536,NA
72691540,NA
72691541,NA
72691545,NA
72691546,NA
72691548,NA
72691550,NA
72691554,NA
72691559,NA
72691560,NA
72691566,NA
72691571,NA
72691574,NA
72691575,NA
72691578,NA
72691614,NA
72691622,NA
72691624,NA
72691625,NA
72691626,NA
72691628,NA
72691629,NA
72691630,NA
72691631,NA
72691635,NA
72691638,NA
72691639,NA
72691643,NA
72691644,NA
72691645,NA
72691646,NA
72691651,NA
72691653,NA
72691656,NA
72691657,NA
72691659,NA
72691660,NA
72691662,NA
72691663,NA
72691664,NA
72691665,NA
72691666,NA
72691667,NA
72691668,NA
72691671,NA
72691672,NA
72691673,NA
72691674,NA
72691678,NA
72691684,NA
72691687,NA
72691688,NA
72691691,NA
72691692,NA
72691693,NA
72691697,NA
72691698,NA
72691699,NA
72691700,NA
72691701,NA
72691703,NA
72691705,NA
72691708,NA
72691710,NA
72691711,NA
72691713,NA
72691714,NA
72691718,NA
72691719,NA
72691724,NA
72691725,NA
72691726,NA
72691732,NA
72691740,NA
72691742,NA
72691746,NA
72691750,NA
72691751,NA
72691754,NA
72691756,NA
72691757,NA
72691759,NA
72691760,NA
72691761,NA
72691762,NA
72691763,NA
72691765,NA
72691767,NA
72691772,NA
72691773,NA
72691776,NA
72691780,NA
72691781,NA
72691784,NA
72691786,NA
72691790,NA
72691791,NA
72691792,NA
72691801,NA
72691802,NA
72691803,NA
72691804,NA
72691805,NA
72691806,NA
72691811,NA
72691820,NA
72691822,NA
72691823,NA
72691824,NA
72691825,NA
72691829,NA
72691830,NA
72691833,NA
72691835,NA
72691836,NA
72691838,NA
72691854,NA
72691855,NA
72691856,NA
72691858,NA
72691859,NA
72691860,NA
72691861,NA
72691862,NA
72691863,NA
72691864,NA
72691866,NA
72691868,NA
72691872,NA
72691873,NA
72691875,NA
72691877,NA
72691880,NA
72691881,NA
72691882,NA
72691883,NA
72691886,NA
72691887,NA
72691892,NA
72691893,NA
72691895,NA
72691900,NA
72691901,NA
72691907,NA
72691909,NA
72691916,NA
72691919,NA
72691927,NA
72691928,NA
72691929,NA
72691931,NA
72691932,NA
72691934,NA
72691939,NA
72691944,NA
72691946,NA
72691947,NA
72691948,NA
72691949,NA
72691952,NA
72691953,NA
72691956,NA
72691957,NA
72691958,NA
72691959,NA
72691960,NA
72691961,NA
72691962,NA
72691963,NA
72691965,NA
72691966,NA
72691970,NA
72691974,NA
72691976,NA
72691978,NA
72691980,NA
72691981,NA
72691984,NA
72691989,NA
72691991,NA
72691993,NA
72691994,NA
72691996,NA
72691997,NA
72692001,NA
72692006,NA
72692007,NA
72692009,NA
72692011,NA
72692013,NA
72692014,NA
72692019,NA
72692021,NA
72692026,NA
72692028,NA
72692031,NA
72692037,NA
72692041,NA
72692045,NA
72692049,NA
72692059,NA
72692060,NA
72692061,NA
72692063,NA
72692064,NA
72692065,NA
72692066,NA
72692074,NA
72692075,NA
72692076,NA
72692092,NA
72692097,NA
72692098,NA
72692101,NA
72692102,NA
72692103,NA
72692104,NA
72692106,NA
72692111,NA
72692117,NA
72692118,NA
72692121,NA
72692124,NA
72692127,NA
72692131,NA
72692132,NA
72692135,NA
72692140,NA
72692142,NA
72692143,NA
72692160,NA
72692161,NA
72692162,NA
72692165,NA
72692167,NA
72692172,NA
72692175,NA
72692176,NA
72692177,NA
72692178,NA
72692179,NA
72692180,NA
72692182,NA
72692183,NA
72692186,NA
72692200,NA
72692216,NA
72692219,NA
72692226,NA
72692228,NA
72692234,NA
72692263,NA
72692269,NA
72692308,NA
72692322,NA
72692466,NA
72692481,NA
72692544,NA
72692546,NA
72692550,NA
72692551,NA
72692576,NA
72692694,NA
72692697,NA
72692699,NA
72692700,NA
72692719,NA
72692728,NA
72692729,NA
72692734,NA
72692749,NA
72692750,NA
72692829,NA
72692955,NA
72692995,NA
72693098,NA
72693105,NA
72693108,NA
72693121,NA
72693163,NA
72693184,NA
72693265,NA
72693308,NA
72693379,NA
72693382,NA
72693415,NA
72693440,NA
72693641,NA
72693647,NA
72693692,NA
72693708,NA
72693742,NA
72693756,NA
72693781,NA
72693783,NA
72693799,NA
72693814,NA
72693862,NA
72693877,NA
72693889,NA
72693898,NA
72693922,NA
72693924,NA
72693948,NA
72693963,NA
72693971,NA
72693996,NA
72693998,NA
72694002,NA
72694003,NA
72694004,NA
72694052,NA
72694053,NA
72694059,NA
72694075,NA
72694076,NA
72694083,NA
72694088,NA
72694089,NA
72694090,NA
72694093,NA
72694094,NA
72694095,NA
72694097,NA
72694098,NA
72694099,NA
72694101,NA
72694104,NA
72694105,NA
72694106,NA
72694108,NA
72694109,NA
72694110,NA
72694117,NA
72694120,NA
72694123,NA
72694125,NA
72694126,NA
72694131,NA
72694132,NA
72694137,NA
72694140,NA
72694144,NA
72694145,NA
72694152,NA
72694154,NA
72694165,NA
72694166,NA
72694168,NA
72694169,NA
72694173,NA
72694174,NA
72694181,NA
72694182,NA
72694183,NA
72694185,NA
72694187,NA
72694189,NA
72694190,NA
72694194,NA
72694197,NA
72694198,NA
72694201,NA
72694203,NA
72694206,NA
72694211,NA
72694212,NA
72694213,NA
72694215,NA
72694225,NA
72694229,NA
72694237,NA
72694238,NA
72694240,NA
72694245,NA
72694246,NA
72694247,NA
72694248,NA
72694250,NA
72694252,NA
72694253,NA
72694259,NA
72694263,NA
72694266,NA
72694268,NA
72694270,NA
72694272,NA
72694276,NA
72694277,NA
72694281,NA
72694284,NA
72694285,NA
72694287,NA
72694288,NA
72694292,NA
72694295,NA
72694296,NA
72694297,NA
72694300,NA
72694301,NA
72694304,NA
72694307,NA
72694309,NA
72694314,NA
72694315,NA
72694316,NA
72694324,NA
72694328,NA
72694330,NA
72694334,NA
72694336,NA
72694338,NA
72694341,NA
72694343,NA
72694347,NA
72694349,NA
72694356,NA
72694360,NA
72694362,NA
72694364,NA
72694365,NA
72694370,NA
72694372,NA
72694374,NA
72694375,NA
72694397,NA
72694411,NA
72694414,NA
72694438,NA
72694441,NA
72694448,NA
72694449,NA
72694455,NA
72694463,NA
72694465,NA
72694478,NA
72694488,NA
72694492,NA
72694494,NA
72694498,NA
72694504,NA
72694507,NA
72694511,NA
72694517,NA
72694524,NA
72694527,NA
72694529,NA
72694544,NA
72694547,NA
72694548,NA
72694553,NA
72694560,NA
72694562,NA
72694564,NA
72694576,NA
72694588,NA
72694593,NA
72694599,NA
72694612,NA
72694613,NA
72694618,NA
72694634,NA
72694643,NA
72694649,NA
72694665,NA
72694669,NA
72694681,NA
72694686,NA
72694689,NA
72694693,NA
72694695,NA
72694702,NA
72694708,NA
72694721,NA
72694736,NA
72694745,NA
72694746,NA
72694747,NA
72694759,NA
72694761,NA
72694769,NA
72694771,NA
72694772,NA
72694795,NA
72694799,NA
72694803,NA
72694805,NA
72694832,NA
72694833,NA
72694834,NA
72694843,NA
72694844,NA
72694849,NA
72694856,NA
72694885,NA
72694922,NA
72694962,NA
72695022,NA
72695023,NA
72695033,NA
72695034,NA
72695044,NA
72695046,NA
72695049,NA
72695059,NA
72695064,NA
72695068,NA
72695070,NA
72695075,NA
72695080,NA
72695084,NA
72695095,NA
72695103,NA
72695107,NA
72695116,NA
72695120,NA
72695121,NA
72695129,NA
72695131,NA
72695172,NA
72695176,NA
72695188,NA
72695197,NA
72695215,NA
72695257,NA
72695266,NA
72695270,NA
72695284,NA
72695286,NA
72695289,NA
72695293,NA
72695320,NA
72695338,NA
72695347,NA
72695353,NA
72695357,NA
72695362,NA
72695365,NA
72695367,NA
72695371,NA
72695372,NA
72695381,NA
72695385,NA
72695393,NA
72695395,NA
72695397,NA
72695400,NA
72695408,NA
72695419,NA
72695421,NA
72695430,NA
72695450,NA
72695455,NA
72695458,NA
72695475,NA
72695535,NA
72695544,NA
72695545,NA
72695549,NA
72695550,NA
72695553,NA
72695555,NA
72695556,NA
72695558,NA
72695563,NA
72695564,NA
72695568,NA
72695569,NA
72695570,NA
72695573,NA
72695608,NA
72695611,NA
72695612,NA
72695613,NA
72695637,NA
72695645,NA
72695648,NA
72695664,NA
72695665,NA
72695673,NA
72695677,NA
72695680,NA
72695681,NA
72695688,NA
72695695,NA
72695712,NA
72695729,NA
72695739,NA
72695746,NA
72695760,NA
72695762,NA
72695764,NA
72695766,NA
72695767,NA
72695769,NA
72695773,NA
72695788,NA
72695792,NA
72695830,NA
72695831,NA
72695847,NA
72695854,NA
72695856,NA
72695863,NA
72695864,NA
72695865,NA
72695866,NA
72695868,NA
72695871,NA
72695892,NA
72695895,NA
72695896,NA
72695897,NA
72695898,NA
72695899,NA
72695902,NA
72695911,NA
72695912,NA
72695916,NA
72695917,NA
72695920,NA
72695928,NA
72695929,NA
72695933,NA
72695937,NA
72695945,NA
72695947,NA
72695949,NA
72695950,NA
72695951,NA
72695953,NA
72695956,NA
72695971,NA
72695973,NA
72695978,NA
72695985,NA
72695989,NA
72695993,NA
72695996,NA
72695999,NA
72696007,NA
72696008,NA
72696009,NA
72696015,NA
72696016,NA
72696017,NA
72696022,NA
72696023,NA
72696025,NA
72696027,NA
72696038,NA
72696043,NA
72696047,NA
72696051,NA
72696068,NA
72696069,NA
72696083,NA
72696162,NA
72696163,NA
72696166,NA
72696179,NA
72696184,NA
72696186,NA
72696190,NA
72696192,NA
72696194,NA
72696209,NA
72696211,NA
72696223,NA
72696249,NA
72696251,NA
72696257,NA
72696263,NA
72696266,NA
72696277,NA
72696278,NA
72696284,NA
72696289,NA
72696295,NA
72696296,NA
72696311,NA
72696316,NA
72696323,NA
72696341,NA
72696344,NA
72696345,NA
72696346,NA
72696373,NA
72696391,NA
72696399,NA
72696404,NA
72696407,NA
72696417,NA
72696426,NA
72696448,NA
72696458,NA
72696465,NA
72696470,NA
72696480,NA
72696493,NA
72696499,NA
72696501,NA
72696505,NA
72696506,NA
72696519,NA
72696526,NA
72696541,NA
72696553,NA
72696558,NA
72696559,NA
72696560,NA
72696582,NA
72696587,NA
72696591,NA
72696601,NA
72696622,NA
72696625,NA
72696629,NA
72696872,NA
72696880,NA
72696883,NA
72696885,NA
72696887,NA
72696891,NA
72696892,NA
72696896,NA
72696908,NA
72696914,NA
72696915,NA
72696926,NA
72696931,NA
72696935,NA
72696936,NA
72696939,NA
72696945,NA
72696947,NA
72696951,NA
72696953,NA
72696954,NA
72696955,NA
72696956,NA
72696957,NA
72696958,NA
72696959,NA
72696961,NA
72696962,NA
72696971,NA
72696977,NA
72696981,NA
72696982,NA
72696985,NA
72696987,NA
72696995,NA
72696997,NA
72696998,NA
72697010,NA
72697017,NA
72697019,NA
72697020,NA
72697025,NA
72697027,NA
72697030,NA
72697033,NA
72697041,NA
72697051,NA
72697057,NA
72697060,NA
72697065,NA
72697066,NA
72697067,NA
72697068,NA
72697071,NA
72697074,NA
72697076,NA
72697078,NA
72697081,NA
72697085,NA
72697086,NA
72697093,NA
72697103,NA
72697105,NA
72697109,NA
72697110,NA
72697115,NA
72697119,NA
72697125,NA
72697128,NA
72697129,NA
72697130,NA
72697131,NA
72697132,NA
72697134,NA
72697140,NA
72697146,NA
72697147,NA
72697148,NA
72697149,NA
72697158,NA
72697161,NA
72697168,NA
72697169,NA
72697170,NA
72697171,NA
72697173,NA
72697180,NA
72697181,NA
72697182,NA
72697189,NA
72697191,NA
72697195,NA
72697203,NA
72697204,NA
72697206,NA
72697209,NA
72697212,NA
72697215,NA
72697216,NA
72697220,NA
72697230,NA
72697232,NA
72697233,NA
72697235,NA
72697238,NA
72697239,NA
72697240,NA
72697241,NA
72697243,NA
72697244,NA
72697248,NA
72697249,NA
72697250,NA
72697251,NA
72697252,NA
72697257,NA
72697260,NA
72697263,NA
72697269,NA
72697276,NA
72697281,NA
72697282,NA
72697286,NA
72697287,NA
72697289,NA
72697292,NA
72697293,NA
72697295,NA
72697297,NA
72697300,NA
72697304,NA
72697307,NA
72697320,NA
72697334,NA
72697335,NA
72697363,NA
72697506,NA
72698847,NA
72698897,NA
72698996,NA
72699000,NA
72699052,NA
72699102,NA
72699161,NA
72701423,NA
72701424,NA
72701529,NA
72701530,NA
72701531,NA
72701721,37448.486766425
72701722,91186.1008452417
72701904,35872.220709652
72701908,35872.220709652
72701909,35872.220709652
72701919,35872.220709652
72701954,34697.838733958
72701972,18932.7009894889
72701976,43986.7111700034
72701978,44286.2044911699
72702121,39700.5661677594
72702122,39700.5661677594
72702123,30427.3621195795
72702124,30427.3621195795
72702126,38841.3459010974
72702145,NA
72702146,NA
72702148,NA
72702149,NA
72702150,NA
72702153,NA
72702158,NA
72702183,NA
72702186,NA
72702193,NA
72702194,NA
72702196,NA
72702211,NA
72702235,NA
72702254,NA
72702272,NA
72702273,NA
72702276,NA
72702277,NA
72702286,NA
72702288,NA
72702295,NA
72702297,NA
72702311,NA
72702315,NA
72702322,NA
72702324,NA
72702327,NA
72702331,NA
72702334,NA
72702340,NA
72702348,34973.9647702075
72702349,34973.9647702075
72702351,52676.8209877708
72702352,42703.055663369
72702353,42703.055663369
72702355,41537.9656195843
72702359,44262.8372062529
72702360,34973.9647702075
72702363,34973.9647702075
72702367,44262.8372062529
72702368,41537.9656195843
72702373,52676.8209877708
72702374,42412.8542741118
72702375,34973.9647702075
72702379,33603.7620539334
72702382,96878.749375921
72702384,33603.7620539334
72702387,32056.9741980137
72702552,NA
72702553,NA
72702554,NA
72702555,NA
72702556,NA
72702557,NA
72702558,NA
72702560,NA
72702561,NA
72702562,NA
72702569,NA
72702572,NA
72702577,NA
72702578,NA
72702580,NA
72702586,NA
72702587,NA
72702593,NA
72702594,NA
72702596,NA
72702599,NA
72702604,NA
72702721,34800.0000000002
72702785,NA
72702786,NA
72702787,NA
72702792,NA
72702793,NA
72702798,NA
72702804,NA
72702812,NA
72702814,NA
72702822,NA
72702823,NA
72702824,NA
72702825,NA
72702831,NA
72702839,NA
72702840,NA
72702843,NA
72702851,NA
72702868,NA
72702870,NA
72702880,NA
72702883,NA
72702890,NA
72702898,NA
72702924,NA
72702927,NA
72702933,NA
72702935,NA
72702939,NA
72702943,NA
72702947,NA
72702954,NA
72702956,NA
72702961,NA
72702962,NA
72702963,NA
72702968,NA
72702969,NA
72702975,NA
72703178,NA
72703179,NA
72703185,NA
72703190,NA
72703191,NA
72703192,NA
72703193,NA
72703199,NA
72703235,NA
72703346,37280.8759895034
72703348,37280.8759895034
72703349,45694.8597710213
72703353,45694.8597710213
72703357,46569.7484255488
72703360,37280.8759895034
72703361,46569.7484255488
72703367,30427.3621195795
72703369,48130.2183371427
72703370,39700.5661677594
72703372,31286.5823862415
72703373,30427.3621195795
72703374,30427.3621195795
72703379,31286.5823862415
72703380,31286.5823862415
72703385,40575.4548222868
72703387,48130.2183371427
72703405,NA
72703407,37299.5152150899
72703410,28705.4562588457
72703415,42976.2122970397
72703423,NA
72703429,NA
72703432,NA
72703435,NA
72703444,NA
72703454,NA
72703459,NA
72703748,36423.9502930548
72705197,30343.5412879184
72705199,32583.1400701003
72705200,30343.5412879184
72705201,32583.1400701003
72705202,32583.1400701003
72705203,32583.1400701003
72705204,32583.1400701003
72705205,32583.1400701003
72705207,32583.1400701003
72705208,32583.1400701003
72705209,32583.1400701003
72705211,32583.1400701003
72705212,32583.1400701003
72705213,32583.1400701003
72705216,32583.1400701003
72705235,30343.5412879184
